{"moduleName":null,"summaries":[{"symbol":{"__symbol":0,"members":[]},"metadata":{"__symbolic":"class","extends":{"__symbol":1,"members":[]},"members":{"booklbname":[{"__symbolic":"property","decorators":[{"__symbolic":"call","expression":{"__symbol":2,"members":[]},"arguments":[{"id":"booklbname_707c1bb4_kdt4","name":"{{booklbname_707c1bb4_kdt4}}","binding":"booklbname","updateOn":"blur","defaultI18nValue":"图书类别名称","validRules":[{"type":"matches","constraints":[""]}]}]}]}],"booklbcode":[{"__symbolic":"property","decorators":[{"__symbolic":"call","expression":{"__symbol":2,"members":[]},"arguments":[{"id":"booklbcode_b9bc3b63_6bc0","name":"{{booklbcode_b9bc3b63_6bc0}}","binding":"booklbcode","updateOn":"blur","defaultI18nValue":"图书类别编号","validRules":[{"type":"matches","constraints":[""]}]}]}]}],"remark":[{"__symbolic":"property","decorators":[{"__symbolic":"call","expression":{"__symbol":2,"members":[]},"arguments":[{"id":"remark_efe474e2_dupt","name":"{{remark_efe474e2_dupt}}","binding":"remark","updateOn":"blur","defaultI18nValue":"备注"}]}]}]}},"type":{"summaryKind":3,"type":{"reference":{"__symbol":0,"members":[]},"diDeps":[],"lifecycleHooks":[1]}}}],"symbols":[{"__symbol":0,"name":"DetailFormComponentViewmodelForm","filePath":"./detailformcomponentviewmodelform"},{"__symbol":1,"name":"Form","filePath":"@farris/devkit"},{"__symbol":2,"name":"NgFormControl","filePath":"@farris/devkit"}]}