{"moduleName":null,"summaries":[{"symbol":{"__symbol":0,"members":[]},"metadata":{"__symbolic":"class","extends":{"__symbol":1,"members":[]},"members":{"bookname":[{"__symbolic":"property","decorators":[{"__symbolic":"call","expression":{"__symbol":2,"members":[]},"arguments":[{"id":"bookname_b36c677f_z1uy","name":"{{bookname_b36c677f_z1uy}}","binding":"bookname","updateOn":"blur","defaultI18nValue":"名称","validRules":[{"type":"matches","constraints":[""]}]}]}]}],"bookcategories":[{"__symbolic":"property","decorators":[{"__symbolic":"call","expression":{"__symbol":2,"members":[]},"arguments":[{"id":"bookcategories_6f3c0067_7ngs","name":"{{bookcategories_6f3c0067_7ngs}}","binding":"bookcategories","updateOn":"blur","defaultI18nValue":"图书分类"}]}]}],"author":[{"__symbolic":"property","decorators":[{"__symbolic":"call","expression":{"__symbol":2,"members":[]},"arguments":[{"id":"author_3bfe07ea_nfoj","name":"{{author_3bfe07ea_nfoj}}","binding":"author","updateOn":"blur","defaultI18nValue":"作者","validRules":[{"type":"matches","constraints":[""]}]}]}]}],"curtstatus":[{"__symbolic":"property","decorators":[{"__symbolic":"call","expression":{"__symbol":2,"members":[]},"arguments":[{"id":"status_f6cfdbfc_9jxc","name":"{{status_f6cfdbfc_9jxc}}","binding":"curtstatus","updateOn":"change","defaultI18nValue":"目前状态"}]}]}],"chubandate":[{"__symbolic":"property","decorators":[{"__symbolic":"call","expression":{"__symbol":2,"members":[]},"arguments":[{"id":"chubandate_36058630_x5jj","name":"{{chubandate_36058630_x5jj}}","binding":"chubandate","updateOn":"blur","valueConverter":{"__symbolic":"new","expression":{"__symbol":3,"members":[]},"arguments":["yyyy-MM-dd"]},"defaultI18nValue":"出版日期"}]}]}]}},"type":{"summaryKind":3,"type":{"reference":{"__symbol":0,"members":[]},"diDeps":[],"lifecycleHooks":[1]}}}],"symbols":[{"__symbol":0,"name":"BasicFormViewmodelForm","filePath":"./basicformviewmodelform"},{"__symbol":1,"name":"Form","filePath":"@farris/devkit"},{"__symbol":2,"name":"NgFormControl","filePath":"@farris/devkit"},{"__symbol":3,"name":"DateConverter","filePath":"@farris/kendo-binding"}]}