{
  "AppCode" : "bookmanagement",
  "ServiceUnitCode" : "GLY",
  "BizobjectCode" : "BookMgr",
  "BizobjectID" : "9fa1bcea-9b14-0f20-97cb-1da98708c7d0",
  "ProjectNameSpace" : "Inspur.GS.bookmanagement.GLY.BookMgr.BookMgr.Front",
  "SuDeploymentPath" : "apps/bookmanagement/gly",
  "MetadataProjectName" : "bo-BookMgr-Front",
  "MetadataPackageName" : "Inspur.GS.bookmanagement.GLY.BookMgr.BookMgr.Front",
  "SuConfigDeploymentPath" : null,
  "ProjectType" : "frontend",
  "ProjectExtendItem" : [ {
    "codelanguage" : "java"
  } ]
}