{"moduleName":null,"summaries":[{"symbol":{"__symbol":0,"members":[]},"metadata":{"__symbolic":"class","extends":{"__symbol":1,"members":[]},"members":{"readerid":[{"__symbolic":"property","decorators":[{"__symbolic":"call","expression":{"__symbol":2,"members":[]},"arguments":[{"id":"readerid","name":"{{readerid_4f45cf64_ldh3}}","binding":"readerid","updateOn":"blur","defaultI18nValue":"读者编号"}]}]}],"name":[{"__symbolic":"property","decorators":[{"__symbolic":"call","expression":{"__symbol":2,"members":[]},"arguments":[{"id":"name","name":"{{name_11fb2b37_0oq9}}","binding":"name","updateOn":"blur","defaultI18nValue":"读者姓名"}]}]}],"age":[{"__symbolic":"property","decorators":[{"__symbolic":"call","expression":{"__symbol":2,"members":[]},"arguments":[{"id":"age","name":"{{age_a539b63f_cu6b}}","binding":"age","updateOn":"blur","defaultI18nValue":"年龄"}]}]}],"sexy":[{"__symbolic":"property","decorators":[{"__symbolic":"call","expression":{"__symbol":2,"members":[]},"arguments":[{"id":"sexy","name":"{{sexy_8392be03_5m8s}}","binding":"sexy","updateOn":"blur","defaultI18nValue":"性别"}]}]}],"phone":[{"__symbolic":"property","decorators":[{"__symbolic":"call","expression":{"__symbol":2,"members":[]},"arguments":[{"id":"phone","name":"{{phone_bddc3440_wh8n}}","binding":"phone","updateOn":"blur","defaultI18nValue":"联系电话"}]}]}],"department":[{"__symbolic":"property","decorators":[{"__symbolic":"call","expression":{"__symbol":2,"members":[]},"arguments":[{"id":"department","name":"{{department_3b29f49b_uiad}}","binding":"department","updateOn":"blur","defaultI18nValue":"所在地"}]}]}],"regdate":[{"__symbolic":"property","decorators":[{"__symbolic":"call","expression":{"__symbol":2,"members":[]},"arguments":[{"id":"regdate","name":"{{regdate_efd7db4b_wqh3}}","binding":"regdate","updateOn":"blur","valueConverter":{"__symbolic":"new","expression":{"__symbol":3,"members":[]},"arguments":["yyyy-MM-dd"]},"defaultI18nValue":"注册日期"}]}]}]}},"type":{"summaryKind":3,"type":{"reference":{"__symbol":0,"members":[]},"diDeps":[],"lifecycleHooks":[1]}}}],"symbols":[{"__symbol":0,"name":"DataGridComponentViewmodelForm","filePath":"./datagridcomponentviewmodelform"},{"__symbol":1,"name":"Form","filePath":"@farris/devkit"},{"__symbol":2,"name":"NgFormControl","filePath":"@farris/devkit"},{"__symbol":3,"name":"DateConverter","filePath":"@farris/kendo-binding"}]}