{"moduleName":null,"summaries":[{"symbol":{"__symbol":0,"members":[]},"metadata":{"__symbolic":"class","extends":{"__symbol":1,"members":[]},"members":{"__ctor__":[{"__symbolic":"constructor","parameters":[{"__symbol":2,"members":[]},{"__symbol":3,"members":[]}]}],"schedule":[{"__symbolic":"method"}]}},"type":{"summaryKind":3,"type":{"reference":{"__symbol":0,"members":[]},"diDeps":[{"isAttribute":false,"isHost":false,"isSelf":false,"isSkipSelf":false,"isOptional":false,"token":{"identifier":{"reference":{"__symbol":2,"members":[]}}}},{"isAttribute":false,"isHost":false,"isSelf":false,"isSkipSelf":false,"isOptional":false,"token":{"identifier":{"reference":{"__symbol":3,"members":[]}}}}],"lifecycleHooks":[1]}}}],"symbols":[{"__symbol":0,"name":"loadList1Handler","filePath":"./loadlist1handler"},{"__symbol":1,"name":"CommandHandler","filePath":"@farris/devkit"},{"__symbol":2,"name":"NavigationMiddlewareService","filePath":"@farris/command-services"},{"__symbol":3,"name":"ListDataService","filePath":"@farris/command-services"}]}