[{"Code":"BookFLZD_frm","Name":"图书分类字典_frm","Id":"8dc3bf3e-635f-43c0-a3c1-85d9a6cd4d1f","Version":"1.0","Description":"图书分类字典_frm服务","BizObject":"9fa1bcea-9b14-0f20-97cb-1da98708c7d0","CriticalApplication":"bookmanagement","ServiceUnit":"gly","RouteUrl":"bookflzd_frm","Service":{"Id":"61e99dda-4273-4bb0-93bf-f855f3b134bb","ResourceId":"5d4777e8-e555-47f0-9687-b954e45827b9","ResourceType":"VO","ResourceCode":"com.inspur.gs.bookmanagement.gly.bookmgr.bookmgr.front.vo.BookFLZD_frm","ResourceName":"图书分类字典_frm","ResourceNameSpace":"Inspur.GS.bookmanagement.GLY.BookMgr.BookMgr.Front","ResourcePath":null,"ResourceFileName":null,"Operations":[{"Id":"5d4777e8-e555-47f0-9687-b954e45827b9&^^&CreateSession","Code":"CreateSession","Name":"创建业务上下文","Description":"在调用该服务其他操作前，应该首先调用该操作创建业务上下文。在业务上下文存在期间，所有通过该服务修改的数据均被锁定，其他业务上下文无法修改。","HttpMethod":"POST","Template":"service/createsession","Parameters":[{"Id":"5d4777e8-e555-47f0-9687-b954e45827b9&^^&CreateSessionParam","Code":"sessionId","Name":"sessionId","Description":"功能sessionId","ModelId":"string","ModelCode":null,"ModelName":"string","RefId":null,"RefCode":null,"RefName":null,"RefPath":null,"RefFileName":null,"ModelType":0,"In":"","IsRequired":true,"ListDeepth":0,"isCollection":false,"isRetVal":true,"isBasicType":true}],"ResourceOpId":"5d4777e8-e555-47f0-9687-b954e45827b9&^^&CreateSession","Transaction":false,"AssemblyInfo":null,"Extend1":"Basic","Extend2":null,"isDeprecated":false},{"Id":"5d4777e8-e555-47f0-9687-b954e45827b9&^^&CloseSession","Code":"CloseSession","Name":"关闭业务上下文","Description":"在调用该服务的其他操作完成业务功能后，应该调用该操作关闭业务上下文，否则该业务上下文内修改的数据将保持锁定状态，无法被其他用户修改。","HttpMethod":"POST","Template":"service/closesession","Parameters":null,"ResourceOpId":"5d4777e8-e555-47f0-9687-b954e45827b9&^^&CloseSession","Transaction":false,"AssemblyInfo":null,"Extend1":"Basic","Extend2":null,"isDeprecated":false},{"Id":"5d4777e8-e555-47f0-9687-b954e45827b9&^^&Create","Code":"Create","Name":"新增图书分类","Description":"新增图书分类，可指定字段初始值。","HttpMethod":"POST","Template":"","Parameters":[{"Id":"5d4777e8-e555-47f0-9687-b954e45827b9&^^&RequestInfo","Code":"requestInfo","Name":"请求信息","Description":"请求信息","ModelId":"5d4777e8-e555-47f0-9687-b954e45827b9&^^&RequestInfo","ModelCode":"RequestInfo","ModelName":"RequestInfo","RefId":"5d4777e8-e555-47f0-9687-b954e45827b9&^^&RequestInfo","RefCode":"RequestInfo","RefName":"RequestInfo","RefPath":null,"RefFileName":null,"ModelType":1,"In":"Body","IsRequired":false,"ListDeepth":0,"isCollection":false,"isRetVal":false,"isBasicType":false},{"Id":"5d4777e8-e555-47f0-9687-b954e45827b9&^^&defaultValue","Code":"defaultValue","Name":"默认值","Description":"默认值","ModelId":"5d4777e8-e555-47f0-9687-b954e45827b9&^^&DefaultValue","ModelCode":"DefaultValue","ModelName":"DefaultValue","RefId":"5d4777e8-e555-47f0-9687-b954e45827b9&^^&DefaultValue","RefCode":"DefaultValue","RefName":"DefaultValue","RefPath":null,"RefFileName":null,"ModelType":1,"In":"Body","IsRequired":false,"ListDeepth":0,"isCollection":false,"isRetVal":false,"isBasicType":false},{"Id":"5d4777e8-e555-47f0-9687-b954e45827b9&^^&ResponseInfo","Code":"responseInfo","Name":"响应信息","Description":"响应信息","ModelId":"5d4777e8-e555-47f0-9687-b954e45827b9&^^&ResponseInfo","ModelCode":"ResponseInfo","ModelName":"ResponseInfo","RefId":"5d4777e8-e555-47f0-9687-b954e45827b9&^^&ResponseInfo","RefCode":"ResponseInfo","RefName":"ResponseInfo","RefPath":null,"RefFileName":null,"ModelType":1,"In":"","IsRequired":true,"ListDeepth":0,"isCollection":false,"isRetVal":true,"isBasicType":false}],"ResourceOpId":"5d4777e8-e555-47f0-9687-b954e45827b9&^^&Create","Transaction":false,"AssemblyInfo":null,"Extend1":"Basic","Extend2":null,"isDeprecated":false},{"Id":"5d4777e8-e555-47f0-9687-b954e45827b9&^^&BatchCreate","Code":"BatchCreate","Name":"批量新增图书分类","Description":"批量新增图书分类，可指定字段初始值。","HttpMethod":"POST","Template":"/batch","Parameters":[{"Id":"5d4777e8-e555-47f0-9687-b954e45827b9&^^&RequestInfo","Code":"requestInfo","Name":"请求信息","Description":"请求信息","ModelId":"5d4777e8-e555-47f0-9687-b954e45827b9&^^&RequestInfo","ModelCode":"RequestInfo","ModelName":"RequestInfo","RefId":"5d4777e8-e555-47f0-9687-b954e45827b9&^^&RequestInfo","RefCode":"RequestInfo","RefName":"RequestInfo","RefPath":null,"RefFileName":null,"ModelType":1,"In":"Body","IsRequired":true,"ListDeepth":0,"isCollection":false,"isRetVal":false,"isBasicType":false},{"Id":"5d4777e8-e555-47f0-9687-b954e45827b9&^^&retrieveDefaultParam","Code":"retrieveDefaultParam","Name":"默认值","Description":"默认值","ModelId":"5d4777e8-e555-47f0-9687-b954e45827b9&^^&RetrieveDefaultParam","ModelCode":"RetrieveDefaultParam","ModelName":"RetrieveDefaultParam","RefId":"5d4777e8-e555-47f0-9687-b954e45827b9&^^&RetrieveDefaultParam","RefCode":"RetrieveDefaultParam","RefName":"RetrieveDefaultParam","RefPath":null,"RefFileName":null,"ModelType":1,"In":"Body","IsRequired":false,"ListDeepth":0,"isCollection":false,"isRetVal":false,"isBasicType":false},{"Id":"5d4777e8-e555-47f0-9687-b954e45827b9&^^&ResponseInfo","Code":"responseInfo","Name":"响应信息","Description":"响应信息","ModelId":"5d4777e8-e555-47f0-9687-b954e45827b9&^^&ResponseInfo","ModelCode":"ResponseInfo","ModelName":"ResponseInfo","RefId":"5d4777e8-e555-47f0-9687-b954e45827b9&^^&ResponseInfo","RefCode":"ResponseInfo","RefName":"ResponseInfo","RefPath":null,"RefFileName":null,"ModelType":1,"In":"","IsRequired":true,"ListDeepth":0,"isCollection":false,"isRetVal":true,"isBasicType":false}],"ResourceOpId":"5d4777e8-e555-47f0-9687-b954e45827b9&^^&BatchCreate","Transaction":false,"AssemblyInfo":null,"Extend1":"Basic","Extend2":null,"isDeprecated":false},{"Id":"5d4777e8-e555-47f0-9687-b954e45827b9&^^&Edit","Code":"Edit","Name":"编辑图书分类","Description":"编辑指定的图书分类，此操作会锁定相应的图书分类数据。该操作成功后，其他用户不能修改该数据，直到调用”保存“或”取消“操作。","HttpMethod":"PUT","Template":"/service/edit/{dataId}","Parameters":[{"Id":"5d4777e8-e555-47f0-9687-b954e45827b9&^^&RequestInfo","Code":"requestInfo","Name":"请求信息","Description":"请求信息","ModelId":"5d4777e8-e555-47f0-9687-b954e45827b9&^^&RequestInfo","ModelCode":"RequestInfo","ModelName":"RequestInfo","RefId":"5d4777e8-e555-47f0-9687-b954e45827b9&^^&RequestInfo","RefCode":"RequestInfo","RefName":"RequestInfo","RefPath":null,"RefFileName":null,"ModelType":1,"In":"Body","IsRequired":false,"ListDeepth":0,"isCollection":false,"isRetVal":false,"isBasicType":false},{"Id":"5d4777e8-e555-47f0-9687-b954e45827b9&^^&RetrieveParam","Code":"dataId","Name":"单据内码","Description":"单据内码","ModelId":"string","ModelCode":null,"ModelName":"string","RefId":null,"RefCode":null,"RefName":null,"RefPath":null,"RefFileName":null,"ModelType":0,"In":"Path","IsRequired":true,"ListDeepth":0,"isCollection":false,"isRetVal":false,"isBasicType":true},{"Id":"5d4777e8-e555-47f0-9687-b954e45827b9&^^&ResponseInfo","Code":"responseInfo","Name":"响应信息","Description":"响应信息","ModelId":"5d4777e8-e555-47f0-9687-b954e45827b9&^^&ResponseInfo","ModelCode":"ResponseInfo","ModelName":"ResponseInfo","RefId":"5d4777e8-e555-47f0-9687-b954e45827b9&^^&ResponseInfo","RefCode":"ResponseInfo","RefName":"ResponseInfo","RefPath":null,"RefFileName":null,"ModelType":1,"In":"","IsRequired":true,"ListDeepth":0,"isCollection":false,"isRetVal":true,"isBasicType":false}],"ResourceOpId":"5d4777e8-e555-47f0-9687-b954e45827b9&^^&Edit","Transaction":false,"AssemblyInfo":null,"Extend1":"Basic","Extend2":null,"isDeprecated":false},{"Id":"5d4777e8-e555-47f0-9687-b954e45827b9&^^&Delete","Code":"Delete","Name":"删除图书分类","Description":"删除指定的图书分类，该操作仅在当前业务上下文中删除，并不会持久化到数据库。后续需调用”保存“操作进行持久化，如需要立即持久化，请调用”删除图书分类并保存“操作。","HttpMethod":"DELETE","Template":"/{dataId}","Parameters":[{"Id":"5d4777e8-e555-47f0-9687-b954e45827b9&^^&DeleteParam","Code":"dataId","Name":"单据内码","Description":"单据内码","ModelId":"string","ModelCode":null,"ModelName":"string","RefId":null,"RefCode":null,"RefName":null,"RefPath":null,"RefFileName":null,"ModelType":0,"In":"Path","IsRequired":true,"ListDeepth":0,"isCollection":false,"isRetVal":false,"isBasicType":true}],"ResourceOpId":"5d4777e8-e555-47f0-9687-b954e45827b9&^^&Delete","Transaction":false,"AssemblyInfo":null,"Extend1":"Basic","Extend2":null,"isDeprecated":false},{"Id":"5d4777e8-e555-47f0-9687-b954e45827b9&^^&DeleteAndSave","Code":"DeleteAndSave","Name":"删除图书分类并保存","Description":"删除指定的图书分类，并持久化到数据库。","HttpMethod":"PUT","Template":"/service/delete/{dataId}","Parameters":[{"Id":"5d4777e8-e555-47f0-9687-b954e45827b9&^^&RequestInfo","Code":"requestInfo","Name":"请求信息","Description":"请求信息","ModelId":"5d4777e8-e555-47f0-9687-b954e45827b9&^^&RequestInfo","ModelCode":"RequestInfo","ModelName":"RequestInfo","RefId":"5d4777e8-e555-47f0-9687-b954e45827b9&^^&RequestInfo","RefCode":"RequestInfo","RefName":"RequestInfo","RefPath":null,"RefFileName":null,"ModelType":1,"In":"Body","IsRequired":false,"ListDeepth":0,"isCollection":false,"isRetVal":false,"isBasicType":false},{"Id":"5d4777e8-e555-47f0-9687-b954e45827b9&^^&DeleteParam","Code":"dataId","Name":"单据内码","Description":"单据内码","ModelId":"string","ModelCode":null,"ModelName":"string","RefId":null,"RefCode":null,"RefName":null,"RefPath":null,"RefFileName":null,"ModelType":0,"In":"Path","IsRequired":true,"ListDeepth":0,"isCollection":false,"isRetVal":false,"isBasicType":true},{"Id":"5d4777e8-e555-47f0-9687-b954e45827b9&^^&ResponseInfo","Code":"responseInfo","Name":"响应信息","Description":"响应信息","ModelId":"5d4777e8-e555-47f0-9687-b954e45827b9&^^&ResponseInfo","ModelCode":"ResponseInfo","ModelName":"ResponseInfo","RefId":"5d4777e8-e555-47f0-9687-b954e45827b9&^^&ResponseInfo","RefCode":"ResponseInfo","RefName":"ResponseInfo","RefPath":null,"RefFileName":null,"ModelType":1,"In":"","IsRequired":true,"ListDeepth":0,"isCollection":false,"isRetVal":true,"isBasicType":false}],"ResourceOpId":"5d4777e8-e555-47f0-9687-b954e45827b9&^^&DeleteAndSave","Transaction":false,"AssemblyInfo":null,"Extend1":"Basic","Extend2":null,"isDeprecated":false},{"Id":"5d4777e8-e555-47f0-9687-b954e45827b9&^^&BatchDelete","Code":"BatchDelete","Name":"批量删除图书分类","Description":"批量删除指定的图书分类，该操作仅在当前业务上下文中删除，并不会持久化到数据库。后续需调用”保存“操作进行持久化，如需要立即持久化，请调用”批量删除图书分类并保存“操作。","HttpMethod":"DELETE","Template":"","Parameters":[{"Id":"5d4777e8-e555-47f0-9687-b954e45827b9&^^&BatchDeleteParam","Code":"ids","Name":"单据内码列表","Description":"单据内码列表","ModelId":"string","ModelCode":null,"ModelName":"string","RefId":null,"RefCode":null,"RefName":null,"RefPath":null,"RefFileName":null,"ModelType":0,"In":"Query","IsRequired":true,"ListDeepth":0,"isCollection":false,"isRetVal":false,"isBasicType":true}],"ResourceOpId":"5d4777e8-e555-47f0-9687-b954e45827b9&^^&BatchDelete","Transaction":false,"AssemblyInfo":null,"Extend1":"Basic","Extend2":null,"isDeprecated":true},{"Id":"5d4777e8-e555-47f0-9687-b954e45827b9&^^&BatchDeleteAndSave","Code":"BatchDeleteAndSave","Name":"批量删除图书分类并保存","Description":"批量删除指定的图书分类，并持久化到数据库。","HttpMethod":"POST","Template":"/batchdeleteandsave","Parameters":[{"Id":"5d4777e8-e555-47f0-9687-b954e45827b9&^^&RequestInfo","Code":"requestInfo","Name":"请求信息","Description":"请求信息","ModelId":"5d4777e8-e555-47f0-9687-b954e45827b9&^^&RequestInfo","ModelCode":"RequestInfo","ModelName":"RequestInfo","RefId":"5d4777e8-e555-47f0-9687-b954e45827b9&^^&RequestInfo","RefCode":"RequestInfo","RefName":"RequestInfo","RefPath":null,"RefFileName":null,"ModelType":1,"In":"Body","IsRequired":false,"ListDeepth":0,"isCollection":false,"isRetVal":false,"isBasicType":false},{"Id":"5d4777e8-e555-47f0-9687-b954e45827b9&^^&IdsParam","Code":"ids","Name":"单据内码列表","Description":"批量删除的单据内码列表","ModelId":"string","ModelCode":null,"ModelName":"string","RefId":null,"RefCode":null,"RefName":null,"RefPath":null,"RefFileName":null,"ModelType":0,"In":"Body","IsRequired":true,"ListDeepth":1,"isCollection":true,"isRetVal":false,"isBasicType":true},{"Id":"5d4777e8-e555-47f0-9687-b954e45827b9&^^&ResponseInfo","Code":"responseInfo","Name":"响应信息","Description":"响应信息","ModelId":"5d4777e8-e555-47f0-9687-b954e45827b9&^^&ResponseInfo","ModelCode":"ResponseInfo","ModelName":"ResponseInfo","RefId":"5d4777e8-e555-47f0-9687-b954e45827b9&^^&ResponseInfo","RefCode":"ResponseInfo","RefName":"ResponseInfo","RefPath":null,"RefFileName":null,"ModelType":1,"In":"","IsRequired":true,"ListDeepth":0,"isCollection":false,"isRetVal":true,"isBasicType":false}],"ResourceOpId":"5d4777e8-e555-47f0-9687-b954e45827b9&^^&BatchDeleteAndSave","Transaction":false,"AssemblyInfo":null,"Extend1":"Basic","Extend2":null,"isDeprecated":false},{"Id":"5d4777e8-e555-47f0-9687-b954e45827b9&^^&Update","Code":"Update","Name":"更新图书分类","Description":"通过变更集更新图书分类。","HttpMethod":"PATCH","Template":"","Parameters":[{"Id":"5d4777e8-e555-47f0-9687-b954e45827b9&^^&RequestInfo","Code":"requestInfo","Name":"请求信息","Description":"请求信息","ModelId":"5d4777e8-e555-47f0-9687-b954e45827b9&^^&RequestInfo","ModelCode":"RequestInfo","ModelName":"RequestInfo","RefId":"5d4777e8-e555-47f0-9687-b954e45827b9&^^&RequestInfo","RefCode":"RequestInfo","RefName":"RequestInfo","RefPath":null,"RefFileName":null,"ModelType":1,"In":"Body","IsRequired":false,"ListDeepth":0,"isCollection":false,"isRetVal":false,"isBasicType":false},{"Id":"5d4777e8-e555-47f0-9687-b954e45827b9&^^&UpdateParam","Code":"changeDetail","Name":"数据变更集","Description":"数据变更集","ModelId":"5d4777e8-e555-47f0-9687-b954e45827b9&^^&ChangeDetail","ModelCode":"ChangeDetail","ModelName":"ChangeDetail","RefId":"5d4777e8-e555-47f0-9687-b954e45827b9&^^&ChangeDetail","RefCode":"ChangeDetail","RefName":"ChangeDetail","RefPath":null,"RefFileName":null,"ModelType":1,"In":"Body","IsRequired":true,"ListDeepth":0,"isCollection":false,"isRetVal":false,"isBasicType":false},{"Id":"5d4777e8-e555-47f0-9687-b954e45827b9&^^&ResponseInfo","Code":"responseInfo","Name":"响应信息","Description":"响应信息","ModelId":"5d4777e8-e555-47f0-9687-b954e45827b9&^^&ResponseInfo","ModelCode":"ResponseInfo","ModelName":"ResponseInfo","RefId":"5d4777e8-e555-47f0-9687-b954e45827b9&^^&ResponseInfo","RefCode":"ResponseInfo","RefName":"ResponseInfo","RefPath":null,"RefFileName":null,"ModelType":1,"In":"","IsRequired":true,"ListDeepth":0,"isCollection":false,"isRetVal":true,"isBasicType":false}],"ResourceOpId":"5d4777e8-e555-47f0-9687-b954e45827b9&^^&Update","Transaction":false,"AssemblyInfo":null,"Extend1":"Basic","Extend2":null,"isDeprecated":false},{"Id":"5d4777e8-e555-47f0-9687-b954e45827b9&^^&Retrieve","Code":"Retrieve","Name":"检索图书分类","Description":"检索指定的图书分类，返回结果中包含图书分类的所有子表数据。","HttpMethod":"GET","Template":"/{dataId}","Parameters":[{"Id":"5d4777e8-e555-47f0-9687-b954e45827b9&^^&RetrieveParam","Code":"dataId","Name":"单据内码","Description":"单据内码","ModelId":"string","ModelCode":null,"ModelName":"string","RefId":null,"RefCode":null,"RefName":null,"RefPath":null,"RefFileName":null,"ModelType":0,"In":"Path","IsRequired":true,"ListDeepth":0,"isCollection":false,"isRetVal":false,"isBasicType":true},{"Id":"5d4777e8-e555-47f0-9687-b954e45827b9&^^&RetrieveParam1","Code":"BookFL","Name":"图书分类","Description":"实体模型","ModelId":"5d4777e8-e555-47f0-9687-b954e45827b9","ModelCode":"BookFLZD_frm","ModelName":"图书分类字典_frm","RefId":"45f2a7d4-db4f-4f87-9e38-210e5a8788d7","RefCode":"BookFL","RefName":"图书分类","RefPath":null,"RefFileName":null,"ModelType":0,"In":"","IsRequired":true,"ListDeepth":0,"isCollection":false,"isRetVal":true,"isBasicType":false}],"ResourceOpId":"5d4777e8-e555-47f0-9687-b954e45827b9&^^&Retrieve","Transaction":false,"AssemblyInfo":null,"Extend1":"Basic","Extend2":null,"isDeprecated":false},{"Id":"5d4777e8-e555-47f0-9687-b954e45827b9&^^&RetrieveWithChildPagination","Code":"RetrieveWithChildPagination","Name":"检索图书分类（支持子表分页）","Description":"检索指定的图书分类，可对指定子表进行分页。","HttpMethod":"PUT","Template":"/service/retrieve/{dataId}","Parameters":[{"Id":"5d4777e8-e555-47f0-9687-b954e45827b9&^^&RequestInfo","Code":"requestInfo","Name":"请求信息","Description":"请求信息","ModelId":"5d4777e8-e555-47f0-9687-b954e45827b9&^^&RequestInfo","ModelCode":"RequestInfo","ModelName":"RequestInfo","RefId":"5d4777e8-e555-47f0-9687-b954e45827b9&^^&RequestInfo","RefCode":"RequestInfo","RefName":"RequestInfo","RefPath":null,"RefFileName":null,"ModelType":1,"In":"Body","IsRequired":false,"ListDeepth":0,"isCollection":false,"isRetVal":false,"isBasicType":false},{"Id":"5d4777e8-e555-47f0-9687-b954e45827b9&^^&dataId","Code":"dataId","Name":"单据内码","Description":"单据内码","ModelId":"string","ModelCode":null,"ModelName":"string","RefId":null,"RefCode":null,"RefName":null,"RefPath":null,"RefFileName":null,"ModelType":0,"In":"Path","IsRequired":true,"ListDeepth":0,"isCollection":false,"isRetVal":false,"isBasicType":true},{"Id":"5d4777e8-e555-47f0-9687-b954e45827b9&^^&retrieveParam","Code":"retrieveParam","Name":"查询参数","Description":"查询参数","ModelId":"5d4777e8-e555-47f0-9687-b954e45827b9&^^&RetrieveParam","ModelCode":"RetrieveParam","ModelName":"RetrieveParam","RefId":"5d4777e8-e555-47f0-9687-b954e45827b9&^^&RetrieveParam","RefCode":"RetrieveParam","RefName":"RetrieveParam","RefPath":null,"RefFileName":null,"ModelType":1,"In":"Body","IsRequired":true,"ListDeepth":0,"isCollection":false,"isRetVal":false,"isBasicType":false},{"Id":"5d4777e8-e555-47f0-9687-b954e45827b9&^^&ResponseInfo","Code":"responseInfo","Name":"响应信息","Description":"响应信息","ModelId":"5d4777e8-e555-47f0-9687-b954e45827b9&^^&ResponseInfo","ModelCode":"ResponseInfo","ModelName":"ResponseInfo","RefId":"5d4777e8-e555-47f0-9687-b954e45827b9&^^&ResponseInfo","RefCode":"ResponseInfo","RefName":"ResponseInfo","RefPath":null,"RefFileName":null,"ModelType":1,"In":"","IsRequired":true,"ListDeepth":0,"isCollection":false,"isRetVal":true,"isBasicType":false}],"ResourceOpId":"5d4777e8-e555-47f0-9687-b954e45827b9&^^&RetrieveWithChildPagination","Transaction":false,"AssemblyInfo":null,"Extend1":"Basic","Extend2":null,"isDeprecated":false},{"Id":"5d4777e8-e555-47f0-9687-b954e45827b9&^^&QueryChild","Code":"QueryChild","Name":"查询图书分类特定子表的数据","Description":"查询指定的图书分类下特定子表的数据。可对指定子表进行过滤、排序、分页。","HttpMethod":"PUT","Template":"/service/querychild","Parameters":[{"Id":"5d4777e8-e555-47f0-9687-b954e45827b9&^^&RequestInfo","Code":"requestInfo","Name":"请求信息","Description":"请求信息","ModelId":"5d4777e8-e555-47f0-9687-b954e45827b9&^^&RequestInfo","ModelCode":"RequestInfo","ModelName":"RequestInfo","RefId":"5d4777e8-e555-47f0-9687-b954e45827b9&^^&RequestInfo","RefCode":"RequestInfo","RefName":"RequestInfo","RefPath":null,"RefFileName":null,"ModelType":1,"In":"Body","IsRequired":false,"ListDeepth":0,"isCollection":false,"isRetVal":false,"isBasicType":false},{"Id":"5d4777e8-e555-47f0-9687-b954e45827b9&^^&nodeCodes","Code":"nodeCodes","Name":"节点编号列表","Description":"节点编号列表","ModelId":"string","ModelCode":null,"ModelName":"string","RefId":null,"RefCode":null,"RefName":null,"RefPath":null,"RefFileName":null,"ModelType":0,"In":"Body","IsRequired":true,"ListDeepth":1,"isCollection":true,"isRetVal":false,"isBasicType":true},{"Id":"5d4777e8-e555-47f0-9687-b954e45827b9&^^&ids","Code":"ids","Name":"内码列表","Description":"内码列表","ModelId":"string","ModelCode":null,"ModelName":"string","RefId":null,"RefCode":null,"RefName":null,"RefPath":null,"RefFileName":null,"ModelType":0,"In":"Body","IsRequired":true,"ListDeepth":1,"isCollection":true,"isRetVal":false,"isBasicType":true},{"Id":"5d4777e8-e555-47f0-9687-b954e45827b9&^^&pagination","Code":"pagination","Name":"分页信息","Description":"分页信息","ModelId":"5d4777e8-e555-47f0-9687-b954e45827b9&^^&Pagination","ModelCode":"Pagination","ModelName":"Pagination","RefId":"5d4777e8-e555-47f0-9687-b954e45827b9&^^&Pagination","RefCode":"Pagination","RefName":"Pagination","RefPath":null,"RefFileName":null,"ModelType":1,"In":"Body","IsRequired":true,"ListDeepth":0,"isCollection":false,"isRetVal":false,"isBasicType":false},{"Id":"5d4777e8-e555-47f0-9687-b954e45827b9&^^&ResponseInfo","Code":"responseInfo","Name":"响应信息","Description":"响应信息","ModelId":"5d4777e8-e555-47f0-9687-b954e45827b9&^^&ResponseInfo","ModelCode":"ResponseInfo","ModelName":"ResponseInfo","RefId":"5d4777e8-e555-47f0-9687-b954e45827b9&^^&ResponseInfo","RefCode":"ResponseInfo","RefName":"ResponseInfo","RefPath":null,"RefFileName":null,"ModelType":1,"In":"","IsRequired":true,"ListDeepth":0,"isCollection":false,"isRetVal":true,"isBasicType":false}],"ResourceOpId":"5d4777e8-e555-47f0-9687-b954e45827b9&^^&QueryChild","Transaction":false,"AssemblyInfo":null,"Extend1":"Basic","Extend2":null,"isDeprecated":false},{"Id":"5d4777e8-e555-47f0-9687-b954e45827b9&^^&Query","Code":"Query","Name":"查询图书分类","Description":"查询图书分类，可指定查询过滤条件、排序字段、设置分页。","HttpMethod":"GET","Template":"","Parameters":[{"Id":"5d4777e8-e555-47f0-9687-b954e45827b9&^^&EntityFilterParam","Code":"entityFilter","Name":"过滤条件","Description":"过滤条件","ModelId":"string","ModelCode":null,"ModelName":"string","RefId":null,"RefCode":null,"RefName":null,"RefPath":null,"RefFileName":null,"ModelType":0,"In":"Query","IsRequired":true,"ListDeepth":0,"isCollection":false,"isRetVal":false,"isBasicType":true},{"Id":"5d4777e8-e555-47f0-9687-b954e45827b9&^^&QueryParam","Code":"BookFL","Name":"图书分类","Description":"实体模型","ModelId":"5d4777e8-e555-47f0-9687-b954e45827b9","ModelCode":"BookFLZD_frm","ModelName":"图书分类字典_frm","RefId":"45f2a7d4-db4f-4f87-9e38-210e5a8788d7","RefCode":"BookFL","RefName":"图书分类","RefPath":null,"RefFileName":null,"ModelType":0,"In":"","IsRequired":true,"ListDeepth":1,"isCollection":true,"isRetVal":true,"isBasicType":false}],"ResourceOpId":"5d4777e8-e555-47f0-9687-b954e45827b9&^^&Query","Transaction":false,"AssemblyInfo":null,"Extend1":"Basic","Extend2":null,"isDeprecated":true},{"Id":"5d4777e8-e555-47f0-9687-b954e45827b9&^^&Save","Code":"Save","Name":"保存","Description":"将当前业务上下文内所有修改的数据持久化到数据库。","HttpMethod":"PUT","Template":"","Parameters":[{"Id":"5d4777e8-e555-47f0-9687-b954e45827b9&^^&RequestInfo","Code":"requestInfo","Name":"请求信息","Description":"请求信息","ModelId":"5d4777e8-e555-47f0-9687-b954e45827b9&^^&RequestInfo","ModelCode":"RequestInfo","ModelName":"RequestInfo","RefId":"5d4777e8-e555-47f0-9687-b954e45827b9&^^&RequestInfo","RefCode":"RequestInfo","RefName":"RequestInfo","RefPath":null,"RefFileName":null,"ModelType":1,"In":"Body","IsRequired":false,"ListDeepth":0,"isCollection":false,"isRetVal":false,"isBasicType":false},{"Id":"5d4777e8-e555-47f0-9687-b954e45827b9&^^&ResponseInfo","Code":"responseInfo","Name":"响应信息","Description":"响应信息","ModelId":"5d4777e8-e555-47f0-9687-b954e45827b9&^^&ResponseInfo","ModelCode":"ResponseInfo","ModelName":"ResponseInfo","RefId":"5d4777e8-e555-47f0-9687-b954e45827b9&^^&ResponseInfo","RefCode":"ResponseInfo","RefName":"ResponseInfo","RefPath":null,"RefFileName":null,"ModelType":1,"In":"","IsRequired":true,"ListDeepth":0,"isCollection":false,"isRetVal":true,"isBasicType":false}],"ResourceOpId":"5d4777e8-e555-47f0-9687-b954e45827b9&^^&Save","Transaction":false,"AssemblyInfo":null,"Extend1":"Basic","Extend2":null,"isDeprecated":false},{"Id":"5d4777e8-e555-47f0-9687-b954e45827b9&^^&Cancel","Code":"Cancel","Name":"取消","Description":"取消所有数据的修改，此操作会将修改过程中锁定的数据解锁。","HttpMethod":"POST","Template":"service/cancel","Parameters":null,"ResourceOpId":"5d4777e8-e555-47f0-9687-b954e45827b9&^^&Cancel","Transaction":false,"AssemblyInfo":null,"Extend1":"Basic","Extend2":null,"isDeprecated":false},{"Id":"5d4777e8-e555-47f0-9687-b954e45827b9&^^&HasChanges","Code":"HasChanges","Name":"检查变更","Description":"检查当前业务上下文内是否存在未保存的变更","HttpMethod":"PUT","Template":"haschanges","Parameters":[{"Id":"5d4777e8-e555-47f0-9687-b954e45827b9&^^&RequestInfo","Code":"requestInfo","Name":"请求信息","Description":"请求信息","ModelId":"5d4777e8-e555-47f0-9687-b954e45827b9&^^&RequestInfo","ModelCode":"RequestInfo","ModelName":"RequestInfo","RefId":"5d4777e8-e555-47f0-9687-b954e45827b9&^^&RequestInfo","RefCode":"RequestInfo","RefName":"RequestInfo","RefPath":null,"RefFileName":null,"ModelType":1,"In":"Body","IsRequired":false,"ListDeepth":0,"isCollection":false,"isRetVal":false,"isBasicType":false},{"Id":"5d4777e8-e555-47f0-9687-b954e45827b9&^^&ResponseInfo","Code":"responseInfo","Name":"响应信息","Description":"响应信息","ModelId":"5d4777e8-e555-47f0-9687-b954e45827b9&^^&ResponseInfo","ModelCode":"ResponseInfo","ModelName":"ResponseInfo","RefId":"5d4777e8-e555-47f0-9687-b954e45827b9&^^&ResponseInfo","RefCode":"ResponseInfo","RefName":"ResponseInfo","RefPath":null,"RefFileName":null,"ModelType":1,"In":"","IsRequired":true,"ListDeepth":0,"isCollection":false,"isRetVal":true,"isBasicType":false}],"ResourceOpId":"5d4777e8-e555-47f0-9687-b954e45827b9&^^&HasChanges","Transaction":false,"AssemblyInfo":null,"Extend1":"Basic","Extend2":null,"isDeprecated":false},{"Id":"5d4777e8-e555-47f0-9687-b954e45827b9&^^&ElementHelp","Code":"GetElementHelp","Name":"获取字段帮助数据","Description":"获取指定帮助字段的帮助数据，支持图书分类及其子表的所有帮助字段的帮助数据。如果查询条件较长，建议使用”获取字段帮助数据“操作。","HttpMethod":"GET","Template":"elementhelps/{labelId}","Parameters":[{"Id":"5d4777e8-e555-47f0-9687-b954e45827b9&^^&labelIdParam","Code":"labelId","Name":"标签Id","Description":"标签内码","ModelId":"string","ModelCode":null,"ModelName":"string","RefId":null,"RefCode":null,"RefName":null,"RefPath":null,"RefFileName":null,"ModelType":0,"In":"Path","IsRequired":true,"ListDeepth":0,"isCollection":false,"isRetVal":false,"isBasicType":true},{"Id":"5d4777e8-e555-47f0-9687-b954e45827b9&^^&nodeCodeParam","Code":"nodeCode","Name":"节点编号","Description":"节点编号","ModelId":"string","ModelCode":null,"ModelName":"string","RefId":null,"RefCode":null,"RefName":null,"RefPath":null,"RefFileName":null,"ModelType":0,"In":"Query","IsRequired":true,"ListDeepth":0,"isCollection":false,"isRetVal":false,"isBasicType":true},{"Id":"5d4777e8-e555-47f0-9687-b954e45827b9&^^&queryParam","Code":"queryParam","Name":"查询参数","Description":"查询参数","ModelId":"string","ModelCode":null,"ModelName":"string","RefId":null,"RefCode":null,"RefName":null,"RefPath":null,"RefFileName":null,"ModelType":0,"In":"Query","IsRequired":true,"ListDeepth":0,"isCollection":false,"isRetVal":false,"isBasicType":true},{"Id":"5d4777e8-e555-47f0-9687-b954e45827b9&^^&ElementHelpRetParam","Code":"return","Name":"返回值","Description":"返回值","ModelId":"5d4777e8-e555-47f0-9687-b954e45827b9&^^&LookupResult","ModelCode":"LookupResult","ModelName":"LookupResult","RefId":"5d4777e8-e555-47f0-9687-b954e45827b9&^^&LookupResult","RefCode":"LookupResult","RefName":"LookupResult","RefPath":null,"RefFileName":null,"ModelType":1,"In":"","IsRequired":true,"ListDeepth":0,"isCollection":false,"isRetVal":true,"isBasicType":false}],"ResourceOpId":"5d4777e8-e555-47f0-9687-b954e45827b9&^^&ElementHelp","Transaction":false,"AssemblyInfo":null,"Extend1":"Basic","Extend2":null,"isDeprecated":true},{"Id":"5d4777e8-e555-47f0-9687-b954e45827b9&^^&Extend_Delete","Code":"Extend_Delete","Name":"删除图书分类","Description":"删除指定的图书分类。该操作仅在当前业务上下文中删除，并不会持久化到数据库。后续需调用”保存“操作进行持久化，如需要立即持久化，请调用”删除图书分类并保存“操作。也可通过变更集，在删除过程中修改其他数据，并返回删除过程中产生的其他变更。","HttpMethod":"PUT","Template":"/extension/delete/{dataId}","Parameters":[{"Id":"5d4777e8-e555-47f0-9687-b954e45827b9&^^&RequestInfo","Code":"requestInfo","Name":"请求信息","Description":"请求信息","ModelId":"5d4777e8-e555-47f0-9687-b954e45827b9&^^&RequestInfo","ModelCode":"RequestInfo","ModelName":"RequestInfo","RefId":"5d4777e8-e555-47f0-9687-b954e45827b9&^^&RequestInfo","RefCode":"RequestInfo","RefName":"RequestInfo","RefPath":null,"RefFileName":null,"ModelType":1,"In":"Body","IsRequired":false,"ListDeepth":0,"isCollection":false,"isRetVal":false,"isBasicType":false},{"Id":"5d4777e8-e555-47f0-9687-b954e45827b9&^^&DeleteParam","Code":"dataId","Name":"单据内码","Description":"单据内码","ModelId":"string","ModelCode":null,"ModelName":"string","RefId":null,"RefCode":null,"RefName":null,"RefPath":null,"RefFileName":null,"ModelType":0,"In":"Path","IsRequired":false,"ListDeepth":0,"isCollection":false,"isRetVal":false,"isBasicType":true},{"Id":"5d4777e8-e555-47f0-9687-b954e45827b9&^^&ResponseInfo","Code":"responseInfo","Name":"响应信息","Description":"响应信息","ModelId":"5d4777e8-e555-47f0-9687-b954e45827b9&^^&ResponseInfo","ModelCode":"ResponseInfo","ModelName":"ResponseInfo","RefId":"5d4777e8-e555-47f0-9687-b954e45827b9&^^&ResponseInfo","RefCode":"ResponseInfo","RefName":"ResponseInfo","RefPath":null,"RefFileName":null,"ModelType":1,"In":"","IsRequired":true,"ListDeepth":0,"isCollection":false,"isRetVal":true,"isBasicType":false}],"ResourceOpId":"5d4777e8-e555-47f0-9687-b954e45827b9&^^&Extend_Delete","Transaction":false,"AssemblyInfo":null,"Extend1":"Basic","Extend2":null,"isDeprecated":false},{"Id":"5d4777e8-e555-47f0-9687-b954e45827b9&^^&Extend_BatchDelete","Code":"Extend_BatchDelete","Name":"批量删除图书分类","Description":"批量删除指定的图书分类，如删除数据较多，建议使用”批量删除图书分类“操作。","HttpMethod":"PUT","Template":"/extension/batchdelete","Parameters":[{"Id":"5d4777e8-e555-47f0-9687-b954e45827b9&^^&RequestInfo","Code":"requestInfo","Name":"请求信息","Description":"请求信息","ModelId":"5d4777e8-e555-47f0-9687-b954e45827b9&^^&RequestInfo","ModelCode":"RequestInfo","ModelName":"RequestInfo","RefId":"5d4777e8-e555-47f0-9687-b954e45827b9&^^&RequestInfo","RefCode":"RequestInfo","RefName":"RequestInfo","RefPath":null,"RefFileName":null,"ModelType":1,"In":"Body","IsRequired":false,"ListDeepth":0,"isCollection":false,"isRetVal":false,"isBasicType":false},{"Id":"5d4777e8-e555-47f0-9687-b954e45827b9&^^&BatchDeleteParam","Code":"ids","Name":"单据内码列表","Description":"单据内码列表","ModelId":"string","ModelCode":null,"ModelName":"string","RefId":null,"RefCode":null,"RefName":null,"RefPath":null,"RefFileName":null,"ModelType":0,"In":"Query","IsRequired":true,"ListDeepth":0,"isCollection":false,"isRetVal":false,"isBasicType":true},{"Id":"5d4777e8-e555-47f0-9687-b954e45827b9&^^&ResponseInfo","Code":"responseInfo","Name":"响应信息","Description":"响应信息","ModelId":"5d4777e8-e555-47f0-9687-b954e45827b9&^^&ResponseInfo","ModelCode":"ResponseInfo","ModelName":"ResponseInfo","RefId":"5d4777e8-e555-47f0-9687-b954e45827b9&^^&ResponseInfo","RefCode":"ResponseInfo","RefName":"ResponseInfo","RefPath":null,"RefFileName":null,"ModelType":1,"In":"","IsRequired":true,"ListDeepth":0,"isCollection":false,"isRetVal":true,"isBasicType":false}],"ResourceOpId":"5d4777e8-e555-47f0-9687-b954e45827b9&^^&Extend_BatchDelete","Transaction":false,"AssemblyInfo":null,"Extend1":"Basic","Extend2":null,"isDeprecated":true},{"Id":"5d4777e8-e555-47f0-9687-b954e45827b9&^^&Extension_BatchDeletion","Code":"Extension_BatchDeletion","Name":"批量删除图书分类","Description":"批量删除指定的图书分类，该操作仅在当前业务上下文中删除，并不会持久化到数据库。后续需调用”保存“操作进行持久化，如需要立即持久化，请调用”批量删除图书分类并保存“操作。可在删除过程中，修改其他数据，并返回删除过程中产生的其他变更。","HttpMethod":"PUT","Template":"/extension/batchdeletion","Parameters":[{"Id":"5d4777e8-e555-47f0-9687-b954e45827b9&^^&RequestInfo","Code":"requestInfo","Name":"请求信息","Description":"请求信息","ModelId":"5d4777e8-e555-47f0-9687-b954e45827b9&^^&RequestInfo","ModelCode":"RequestInfo","ModelName":"RequestInfo","RefId":"5d4777e8-e555-47f0-9687-b954e45827b9&^^&RequestInfo","RefCode":"RequestInfo","RefName":"RequestInfo","RefPath":null,"RefFileName":null,"ModelType":1,"In":"Body","IsRequired":false,"ListDeepth":0,"isCollection":false,"isRetVal":false,"isBasicType":false},{"Id":"5d4777e8-e555-47f0-9687-b954e45827b9&^^&Ids","Code":"ids","Name":"单据内码集合","Description":"批量删除的内码集合","ModelId":"string","ModelCode":null,"ModelName":"string","RefId":null,"RefCode":null,"RefName":null,"RefPath":null,"RefFileName":null,"ModelType":0,"In":"Body","IsRequired":true,"ListDeepth":1,"isCollection":true,"isRetVal":false,"isBasicType":true},{"Id":"5d4777e8-e555-47f0-9687-b954e45827b9&^^&ResponseInfo","Code":"responseInfo","Name":"响应信息","Description":"响应信息","ModelId":"5d4777e8-e555-47f0-9687-b954e45827b9&^^&ResponseInfo","ModelCode":"ResponseInfo","ModelName":"ResponseInfo","RefId":"5d4777e8-e555-47f0-9687-b954e45827b9&^^&ResponseInfo","RefCode":"ResponseInfo","RefName":"ResponseInfo","RefPath":null,"RefFileName":null,"ModelType":1,"In":"","IsRequired":true,"ListDeepth":0,"isCollection":false,"isRetVal":true,"isBasicType":false}],"ResourceOpId":"5d4777e8-e555-47f0-9687-b954e45827b9&^^&Extension_BatchDeletion","Transaction":false,"AssemblyInfo":null,"Extend1":"Basic","Extend2":null,"isDeprecated":false},{"Id":"5d4777e8-e555-47f0-9687-b954e45827b9&^^&Extend_Retrieve","Code":"Extend_Retrieve","Name":"检索图书分类","Description":"检索指定的图书分类，返回结果中包含图书分类的所有子表数据。也可通过变更集，在删除过程中修改其他数据，并返回删除过程中产生的其他变更。","HttpMethod":"PUT","Template":"/extension/retrieve/{dataId}","Parameters":[{"Id":"5d4777e8-e555-47f0-9687-b954e45827b9&^^&RequestInfo","Code":"requestInfo","Name":"请求信息","Description":"请求信息","ModelId":"5d4777e8-e555-47f0-9687-b954e45827b9&^^&RequestInfo","ModelCode":"RequestInfo","ModelName":"RequestInfo","RefId":"5d4777e8-e555-47f0-9687-b954e45827b9&^^&RequestInfo","RefCode":"RequestInfo","RefName":"RequestInfo","RefPath":null,"RefFileName":null,"ModelType":1,"In":"Body","IsRequired":false,"ListDeepth":0,"isCollection":false,"isRetVal":false,"isBasicType":false},{"Id":"5d4777e8-e555-47f0-9687-b954e45827b9&^^&RetrieveParam","Code":"dataId","Name":"单据内码","Description":"单据内码","ModelId":"string","ModelCode":null,"ModelName":"string","RefId":null,"RefCode":null,"RefName":null,"RefPath":null,"RefFileName":null,"ModelType":0,"In":"Path","IsRequired":true,"ListDeepth":0,"isCollection":false,"isRetVal":false,"isBasicType":true},{"Id":"5d4777e8-e555-47f0-9687-b954e45827b9&^^&ResponseInfo","Code":"responseInfo","Name":"响应信息","Description":"响应信息","ModelId":"5d4777e8-e555-47f0-9687-b954e45827b9&^^&ResponseInfo","ModelCode":"ResponseInfo","ModelName":"ResponseInfo","RefId":"5d4777e8-e555-47f0-9687-b954e45827b9&^^&ResponseInfo","RefCode":"ResponseInfo","RefName":"ResponseInfo","RefPath":null,"RefFileName":null,"ModelType":1,"In":"","IsRequired":true,"ListDeepth":0,"isCollection":false,"isRetVal":true,"isBasicType":false}],"ResourceOpId":"5d4777e8-e555-47f0-9687-b954e45827b9&^^&Extend_Retrieve","Transaction":false,"AssemblyInfo":null,"Extend1":"Basic","Extend2":null,"isDeprecated":false},{"Id":"5d4777e8-e555-47f0-9687-b954e45827b9&^^&Extend_Query","Code":"Extend_Query","Name":"查询图书分类","Description":"按照查询条件查询图书分类。如果查询条件较长，建议使用”查询图书分类“操作。","HttpMethod":"PUT","Template":"/extension/query","Parameters":[{"Id":"5d4777e8-e555-47f0-9687-b954e45827b9&^^&RequestInfo","Code":"requestInfo","Name":"请求信息","Description":"请求信息","ModelId":"5d4777e8-e555-47f0-9687-b954e45827b9&^^&RequestInfo","ModelCode":"RequestInfo","ModelName":"RequestInfo","RefId":"5d4777e8-e555-47f0-9687-b954e45827b9&^^&RequestInfo","RefCode":"RequestInfo","RefName":"RequestInfo","RefPath":null,"RefFileName":null,"ModelType":1,"In":"Body","IsRequired":false,"ListDeepth":0,"isCollection":false,"isRetVal":false,"isBasicType":false},{"Id":"5d4777e8-e555-47f0-9687-b954e45827b9&^^&EntityFilterParam","Code":"entityFilter","Name":"过滤条件","Description":"过滤条件","ModelId":"string","ModelCode":null,"ModelName":"string","RefId":null,"RefCode":null,"RefName":null,"RefPath":null,"RefFileName":null,"ModelType":0,"In":"Query","IsRequired":false,"ListDeepth":0,"isCollection":false,"isRetVal":false,"isBasicType":true},{"Id":"5d4777e8-e555-47f0-9687-b954e45827b9&^^&ResponseInfo","Code":"responseInfo","Name":"响应信息","Description":"响应信息","ModelId":"5d4777e8-e555-47f0-9687-b954e45827b9&^^&ResponseInfo","ModelCode":"ResponseInfo","ModelName":"ResponseInfo","RefId":"5d4777e8-e555-47f0-9687-b954e45827b9&^^&ResponseInfo","RefCode":"ResponseInfo","RefName":"ResponseInfo","RefPath":null,"RefFileName":null,"ModelType":1,"In":"","IsRequired":true,"ListDeepth":0,"isCollection":false,"isRetVal":true,"isBasicType":false}],"ResourceOpId":"5d4777e8-e555-47f0-9687-b954e45827b9&^^&Extend_Query","Transaction":false,"AssemblyInfo":null,"Extend1":"Basic","Extend2":null,"isDeprecated":true},{"Id":"5d4777e8-e555-47f0-9687-b954e45827b9&^^&Extension_Filter","Code":"Extension_Filter","Name":"查询图书分类","Description":"按照查询条件查询图书分类，可指定查询过滤条件、排序字段、设置分页。也可通过变更集，在删除过程中修改其他数据，并返回删除过程中产生的其他变更。","HttpMethod":"POST","Template":"/extension/filter","Parameters":[{"Id":"5d4777e8-e555-47f0-9687-b954e45827b9&^^&RequestInfo","Code":"requestInfo","Name":"请求信息","Description":"请求信息","ModelId":"5d4777e8-e555-47f0-9687-b954e45827b9&^^&RequestInfo","ModelCode":"RequestInfo","ModelName":"RequestInfo","RefId":"5d4777e8-e555-47f0-9687-b954e45827b9&^^&RequestInfo","RefCode":"RequestInfo","RefName":"RequestInfo","RefPath":null,"RefFileName":null,"ModelType":1,"In":"Body","IsRequired":false,"ListDeepth":0,"isCollection":false,"isRetVal":false,"isBasicType":false},{"Id":"5d4777e8-e555-47f0-9687-b954e45827b9&^^&EntityFilter","Code":"entityFilter","Name":"过滤条件","Description":"过滤条件","ModelId":"5d4777e8-e555-47f0-9687-b954e45827b9&^^&EntityFilter","ModelCode":"EntityFilter","ModelName":"EntityFilter","RefId":"5d4777e8-e555-47f0-9687-b954e45827b9&^^&EntityFilter","RefCode":"EntityFilter","RefName":"EntityFilter","RefPath":null,"RefFileName":null,"ModelType":1,"In":"Body","IsRequired":false,"ListDeepth":0,"isCollection":false,"isRetVal":false,"isBasicType":false},{"Id":"5d4777e8-e555-47f0-9687-b954e45827b9&^^&ResponseInfo","Code":"responseInfo","Name":"响应信息","Description":"响应信息","ModelId":"5d4777e8-e555-47f0-9687-b954e45827b9&^^&ResponseInfo","ModelCode":"ResponseInfo","ModelName":"ResponseInfo","RefId":"5d4777e8-e555-47f0-9687-b954e45827b9&^^&ResponseInfo","RefCode":"ResponseInfo","RefName":"ResponseInfo","RefPath":null,"RefFileName":null,"ModelType":1,"In":"","IsRequired":true,"ListDeepth":0,"isCollection":false,"isRetVal":true,"isBasicType":false}],"ResourceOpId":"5d4777e8-e555-47f0-9687-b954e45827b9&^^&Extension_Filter","Transaction":false,"AssemblyInfo":null,"Extend1":"Basic","Extend2":null,"isDeprecated":false},{"Id":"5d4777e8-e555-47f0-9687-b954e45827b9&^^&Extend_ElementHelp","Code":"Extend_GetElementHelp","Name":"获取字段帮助数据","Description":"获取指定帮助字段的帮助数据，支持图书分类及其子表的所有帮助字段的帮助数据。也可通过变更集，在删除过程中修改其他数据，并返回删除过程中产生的其他变更。","HttpMethod":"PUT","Template":"/extension/elementhelps","Parameters":[{"Id":"5d4777e8-e555-47f0-9687-b954e45827b9&^^&RequestInfo","Code":"requestInfo","Name":"请求信息","Description":"请求信息","ModelId":"5d4777e8-e555-47f0-9687-b954e45827b9&^^&RequestInfo","ModelCode":"RequestInfo","ModelName":"RequestInfo","RefId":"5d4777e8-e555-47f0-9687-b954e45827b9&^^&RequestInfo","RefCode":"RequestInfo","RefName":"RequestInfo","RefPath":null,"RefFileName":null,"ModelType":1,"In":"Body","IsRequired":false,"ListDeepth":0,"isCollection":false,"isRetVal":false,"isBasicType":false},{"Id":"5d4777e8-e555-47f0-9687-b954e45827b9&^^&labelIdParam","Code":"labelId","Name":"标签Id","Description":"标签内码","ModelId":"string","ModelCode":null,"ModelName":"string","RefId":null,"RefCode":null,"RefName":null,"RefPath":null,"RefFileName":null,"ModelType":0,"In":"Body","IsRequired":true,"ListDeepth":0,"isCollection":false,"isRetVal":false,"isBasicType":true},{"Id":"5d4777e8-e555-47f0-9687-b954e45827b9&^^&nodeCodeParam","Code":"nodeCode","Name":"节点编号","Description":"节点编号","ModelId":"string","ModelCode":null,"ModelName":"string","RefId":null,"RefCode":null,"RefName":null,"RefPath":null,"RefFileName":null,"ModelType":0,"In":"Body","IsRequired":true,"ListDeepth":0,"isCollection":false,"isRetVal":false,"isBasicType":true},{"Id":"5d4777e8-e555-47f0-9687-b954e45827b9&^^&queryParam","Code":"queryParam","Name":"查询参数","Description":"查询参数","ModelId":"5d4777e8-e555-47f0-9687-b954e45827b9&^^&LookupQueryParam","ModelCode":"LookupQueryParam","ModelName":"LookupQueryParam","RefId":"5d4777e8-e555-47f0-9687-b954e45827b9&^^&LookupQueryParam","RefCode":"LookupQueryParam","RefName":"LookupQueryParam","RefPath":null,"RefFileName":null,"ModelType":1,"In":"Body","IsRequired":true,"ListDeepth":0,"isCollection":false,"isRetVal":false,"isBasicType":true},{"Id":"5d4777e8-e555-47f0-9687-b954e45827b9&^^&ResponseInfo","Code":"responseInfo","Name":"响应信息","Description":"响应信息","ModelId":"5d4777e8-e555-47f0-9687-b954e45827b9&^^&ResponseInfo","ModelCode":"ResponseInfo","ModelName":"ResponseInfo","RefId":"5d4777e8-e555-47f0-9687-b954e45827b9&^^&ResponseInfo","RefCode":"ResponseInfo","RefName":"ResponseInfo","RefPath":null,"RefFileName":null,"ModelType":1,"In":"","IsRequired":true,"ListDeepth":0,"isCollection":false,"isRetVal":true,"isBasicType":false}],"ResourceOpId":"5d4777e8-e555-47f0-9687-b954e45827b9&^^&Extend_ElementHelp","Transaction":false,"AssemblyInfo":null,"Extend1":"Basic","Extend2":null,"isDeprecated":false}],"Extension":null},"Models":[{"Id":"5d4777e8-e555-47f0-9687-b954e45827b9&^^&RequestInfo","Code":"RequestInfo","Name":"RequestInfo","ModelId":"5d4777e8-e555-47f0-9687-b954e45827b9&^^&RequestInfo","ModelCode":"RequestInfo","ModelName":"RequestInfo","RelativePath":null,"FileName":null,"ModelType":1},{"Id":"5d4777e8-e555-47f0-9687-b954e45827b9&^^&DefaultValue","Code":"DefaultValue","Name":"DefaultValue","ModelId":"5d4777e8-e555-47f0-9687-b954e45827b9&^^&DefaultValue","ModelCode":"DefaultValue","ModelName":"DefaultValue","RelativePath":null,"FileName":null,"ModelType":1},{"Id":"5d4777e8-e555-47f0-9687-b954e45827b9&^^&ResponseInfo","Code":"ResponseInfo","Name":"ResponseInfo","ModelId":"5d4777e8-e555-47f0-9687-b954e45827b9&^^&ResponseInfo","ModelCode":"ResponseInfo","ModelName":"ResponseInfo","RelativePath":null,"FileName":null,"ModelType":1},{"Id":"5d4777e8-e555-47f0-9687-b954e45827b9&^^&RetrieveDefaultParam","Code":"RetrieveDefaultParam","Name":"RetrieveDefaultParam","ModelId":"5d4777e8-e555-47f0-9687-b954e45827b9&^^&RetrieveDefaultParam","ModelCode":"RetrieveDefaultParam","ModelName":"RetrieveDefaultParam","RelativePath":null,"FileName":null,"ModelType":1},{"Id":"5d4777e8-e555-47f0-9687-b954e45827b9&^^&ChangeDetail","Code":"ChangeDetail","Name":"ChangeDetail","ModelId":"5d4777e8-e555-47f0-9687-b954e45827b9&^^&ChangeDetail","ModelCode":"ChangeDetail","ModelName":"ChangeDetail","RelativePath":null,"FileName":null,"ModelType":1},{"Id":"45f2a7d4-db4f-4f87-9e38-210e5a8788d7","Code":"BookFL","Name":"图书分类","ModelId":"5d4777e8-e555-47f0-9687-b954e45827b9","ModelCode":"BookFLZD_frm","ModelName":"图书分类字典_frm","RelativePath":null,"FileName":null,"ModelType":0},{"Id":"5d4777e8-e555-47f0-9687-b954e45827b9&^^&RetrieveParam","Code":"RetrieveParam","Name":"RetrieveParam","ModelId":"5d4777e8-e555-47f0-9687-b954e45827b9&^^&RetrieveParam","ModelCode":"RetrieveParam","ModelName":"RetrieveParam","RelativePath":null,"FileName":null,"ModelType":1},{"Id":"5d4777e8-e555-47f0-9687-b954e45827b9&^^&Pagination","Code":"Pagination","Name":"Pagination","ModelId":"5d4777e8-e555-47f0-9687-b954e45827b9&^^&Pagination","ModelCode":"Pagination","ModelName":"Pagination","RelativePath":null,"FileName":null,"ModelType":1},{"Id":"5d4777e8-e555-47f0-9687-b954e45827b9&^^&LookupResult","Code":"LookupResult","Name":"LookupResult","ModelId":"5d4777e8-e555-47f0-9687-b954e45827b9&^^&LookupResult","ModelCode":"LookupResult","ModelName":"LookupResult","RelativePath":null,"FileName":null,"ModelType":1},{"Id":"5d4777e8-e555-47f0-9687-b954e45827b9&^^&EntityFilter","Code":"EntityFilter","Name":"EntityFilter","ModelId":"5d4777e8-e555-47f0-9687-b954e45827b9&^^&EntityFilter","ModelCode":"EntityFilter","ModelName":"EntityFilter","RelativePath":null,"FileName":null,"ModelType":1}],"Router":"/api/bookmanagement/gly/v1.0/bookflzd_frm","EndPoint":"/bookmanagement/gly/v1.0/bookflzd_frm"}]