{"root-component":{"name":""},"root-layout":{"name":""},"page-header":{"name":""},"header-nav":{"name":""},"header-title-container":{"name":""},"page-header-title":{"name":""},"title":{"name":"图书分类字典"},"page-header-toolbar":{"name":""},"button-add":{"name":"新增"},"button-edit":{"name":"编辑"},"button-save":{"name":"保存"},"button-cancel":{"name":"取消"},"button-delete":{"name":"删除"},"main-container":{"name":""},"content-splitter":{"name":""},"content-list":{"name":""},"data-grid-component-ref":{"name":""},"content-main":{"name":""},"detail-component-ref":{"name":""},"data-grid-component":{"name":""},"data-grid-section":{"name":""},"Section/data-grid-section/mainTitle":{"name":""},"Section/data-grid-section/subTitle":{"name":""},"dataGrid":{"name":""},"DataGrid/dataGrid/lineNumberTitle":{"name":""},"DataGrid/dataGrid/OperateEditButton":{"name":"编辑"},"DataGrid/dataGrid/OperateDeleteButton":{"name":"删除"},"DataGrid/dataGrid/OperateColumn":{"name":"操作"},"booklbname_707c1bb4_wklx":{"name":"图书类别名称"},"detail-form-component":{"name":""},"detail-form-section":{"name":""},"Section/detail-form-section/mainTitle":{"name":"基本信息"},"Section/detail-form-section/subTitle":{"name":""},"detail-form-layout":{"name":""},"booklbname_707c1bb4_kdt4":{"name":"图书类别名称"},"TextBox/booklbname_707c1bb4_kdt4/placeHolder":{"name":""},"booklbcode_b9bc3b63_6bc0":{"name":"图书类别编号"},"TextBox/booklbcode_b9bc3b63_6bc0/placeHolder":{"name":""},"remark_efe474e2_dupt":{"name":"备注"},"MultiTextBox/remark_efe474e2_dupt/placeHolder":{"name":""}}