{"module":{"id":"BookFLZD","code":"BookFLZD","name":"图书分类字典","caption":"图书分类字典","type":"Module","creator":"mashuo","creationDate":"2023-12-06T07:49:21.612Z","updateVersion":"191104","showTitle":true,"bootstrap":"list-card-template","templateId":"list-card-template","schemas":[{"eapiId":"8dc3bf3e-635f-43c0-a3c1-85d9a6cd4d1f","eapiCode":"BookFLZD_frm","eapiName":"图书分类字典_frm","eapiNameSpace":"Inspur.GS.bookmanagement.GLY.BookMgr.BookMgr.Front","voPath":"bookmanagement/GLY/BookMgr/bo-bookmgr-front/metadata/components","voNameSpace":"Inspur.GS.bookmanagement.GLY.BookMgr.BookMgr.Front","name":"图书分类字典_frm","id":"5d4777e8-e555-47f0-9687-b954e45827b9","sourceType":"vo","code":"BookFLZD_frm","entities":[{"name":"图书分类","id":"45f2a7d4-db4f-4f87-9e38-210e5a8788d7","type":{"$type":"EntityType","fields":[{"$type":"SimpleField","defaultValue":"","editor":{"$type":"TextBox"},"multiLanguage":false,"require":true,"readonly":false,"name":"主键","id":"8acd90fc-3682-4942-9648-523e0ec97a25","type":{"$type":"StringType","length":36,"name":"String","displayName":"字符串"},"path":"ID","code":"ID","label":"id","originalId":"8acd90fc-3682-4942-9648-523e0ec97a25","bindingField":"id","bindingPath":"id"},{"$type":"SimpleField","defaultValue":"","editor":{"$type":"DateBox","format":"'yyyy-MM-dd'"},"multiLanguage":false,"require":false,"readonly":false,"name":"版本","id":"88be5931-fa19-4e8f-9930-fb2120773f4b","type":{"$type":"DateTimeType","name":"DateTime","displayName":"日期时间"},"path":"Version","code":"Version","label":"version","originalId":"88be5931-fa19-4e8f-9930-fb2120773f4b","bindingField":"version","bindingPath":"version"},{"$type":"ComplexField","name":"状态","id":"74a97b35-e6c8-4977-9ba1-01180e016d94","type":{"$type":"ObjectType","name":"BillState74a9","fields":[{"$type":"SimpleField","defaultValue":"","editor":{"$type":"EnumField"},"multiLanguage":false,"require":false,"readonly":false,"name":"状态","id":"74a97b35-0101-468f-ae3f-40c76c0f06b0","type":{"$type":"EnumType","name":"Enum","displayName":"枚举","valueType":{"$type":"StringType","length":36,"name":"String","displayName":"字符串"},"enumValues":[{"name":"制单","value":"Billing"},{"name":"提交审批","value":"SubmitApproval"},{"name":"审批通过","value":"Approved"},{"name":"审批不通过","value":"ApprovalNotPassed"}]},"path":"BillStatus.BillState","code":"BillState","label":"billState","originalId":"a0b19650-0101-468f-ae3f-40c76c0f06b0","bindingField":"billStatus_BillState","bindingPath":"billStatus.billState"}],"displayName":"状态"},"path":"BillStatus","code":"BillStatus","label":"billStatus","originalId":"74a97b35-e6c8-4977-9ba1-01180e016d94","bindingField":"billStatus","bindingPath":"billStatus"},{"$type":"ComplexField","name":"流程实例","id":"073b9b7b-ce8b-4bb8-9d69-56be32a082cf","type":{"$type":"ObjectType","name":"ProcessInstance073b","fields":[{"$type":"SimpleField","defaultValue":"","editor":{"$type":"TextBox"},"multiLanguage":false,"require":false,"readonly":false,"name":"流程实例","id":"073b9b7b-ad8f-4da3-a430-c8a7f2162135","type":{"$type":"StringType","length":36,"name":"String","displayName":"字符串"},"path":"ProcessInstance.ProcessInstance","code":"ProcessInstance","label":"processInstance","originalId":"2e1beb7d-ad8f-4da3-a430-c8a7f2162135","bindingField":"processInstance_ProcessInstance","bindingPath":"processInstance.processInstance"}],"displayName":"流程实例"},"path":"ProcessInstance","code":"ProcessInstance","label":"processInstance","originalId":"073b9b7b-ce8b-4bb8-9d69-56be32a082cf","bindingField":"processInstance","bindingPath":"processInstance"},{"$type":"SimpleField","defaultValue":"","editor":{"$type":"TextBox"},"multiLanguage":false,"require":false,"readonly":false,"name":"马列主义","id":"ee4c3b9a-f436-4b7f-87e2-fe91af1ca77a","type":{"$type":"StringType","length":36,"name":"String","displayName":"字符串"},"path":"MarxismLeninism","code":"MarxismLeninism","label":"marxismLeninism","originalId":"ee4c3b9a-f436-4b7f-87e2-fe91af1ca77a","bindingField":"marxismLeninism","bindingPath":"marxismLeninism"},{"$type":"SimpleField","defaultValue":"","editor":{"$type":"TextBox"},"multiLanguage":false,"require":false,"readonly":false,"name":"哲学宗教","id":"406aee09-1c93-4248-ba51-38ad440ac991","type":{"$type":"StringType","length":36,"name":"String","displayName":"字符串"},"path":"Philosophyreligion","code":"Philosophyreligion","label":"philosophyreligion","originalId":"406aee09-1c93-4248-ba51-38ad440ac991","bindingField":"philosophyreligion","bindingPath":"philosophyreligion"},{"$type":"SimpleField","defaultValue":"","editor":{"$type":"TextBox"},"multiLanguage":false,"require":false,"readonly":false,"name":"社会科学总论","id":"431ca9b6-6300-464a-860d-7d16963f4f29","type":{"$type":"StringType","length":36,"name":"String","displayName":"字符串"},"path":"SocialSciences","code":"SocialSciences","label":"socialSciences","originalId":"431ca9b6-6300-464a-860d-7d16963f4f29","bindingField":"socialSciences","bindingPath":"socialSciences"},{"$type":"SimpleField","defaultValue":"","editor":{"$type":"TextBox"},"multiLanguage":false,"require":false,"readonly":false,"name":"政治法律","id":"61906202-3055-474e-b419-21f7f7cbb352","type":{"$type":"StringType","length":36,"name":"String","displayName":"字符串"},"path":"Politicallaw","code":"Politicallaw","label":"politicallaw","originalId":"61906202-3055-474e-b419-21f7f7cbb352","bindingField":"politicallaw","bindingPath":"politicallaw"},{"$type":"SimpleField","defaultValue":"","editor":{"$type":"TextBox"},"multiLanguage":false,"require":false,"readonly":false,"name":"军事","id":"81ee03c9-6952-49f9-aa1a-4ceb097e6295","type":{"$type":"StringType","length":36,"name":"String","displayName":"字符串"},"path":"militaryaffairs","code":"militaryaffairs","label":"militaryaffairs","originalId":"81ee03c9-6952-49f9-aa1a-4ceb097e6295","bindingField":"militaryaffairs","bindingPath":"militaryaffairs"},{"$type":"SimpleField","defaultValue":"","editor":{"$type":"TextBox"},"multiLanguage":false,"require":false,"readonly":false,"name":"经济","id":"7b0125c4-68ba-4e18-82ab-90ec4446a662","type":{"$type":"StringType","length":36,"name":"String","displayName":"字符串"},"path":"economy","code":"economy","label":"economy","originalId":"7b0125c4-68ba-4e18-82ab-90ec4446a662","bindingField":"economy","bindingPath":"economy"},{"$type":"SimpleField","defaultValue":"","editor":{"$type":"TextBox"},"multiLanguage":false,"require":false,"readonly":false,"name":"文化","id":"5e32156a-f5f1-4107-b1b4-a283f9589c95","type":{"$type":"StringType","length":36,"name":"String","displayName":"字符串"},"path":"culture","code":"culture","label":"culture","originalId":"5e32156a-f5f1-4107-b1b4-a283f9589c95","bindingField":"culture","bindingPath":"culture"},{"$type":"SimpleField","defaultValue":"","editor":{"$type":"TextBox"},"multiLanguage":false,"require":false,"readonly":false,"name":"语言文字","id":"4778f90e-ad42-4f5d-ad55-90157262ccb5","type":{"$type":"StringType","length":36,"name":"String","displayName":"字符串"},"path":"Languages","code":"Languages","label":"languages","originalId":"4778f90e-ad42-4f5d-ad55-90157262ccb5","bindingField":"languages","bindingPath":"languages"},{"$type":"SimpleField","defaultValue":"","editor":{"$type":"TextBox"},"multiLanguage":false,"require":false,"readonly":false,"name":"文学","id":"40f861cc-88ac-4fbf-a5be-97f31b2ece30","type":{"$type":"StringType","length":36,"name":"String","displayName":"字符串"},"path":"literature","code":"literature","label":"literature","originalId":"40f861cc-88ac-4fbf-a5be-97f31b2ece30","bindingField":"literature","bindingPath":"literature"},{"$type":"SimpleField","defaultValue":"","editor":{"$type":"TextBox"},"multiLanguage":false,"require":false,"readonly":false,"name":"艺术","id":"47c94991-2271-49b1-b363-88874f94e8f8","type":{"$type":"StringType","length":36,"name":"String","displayName":"字符串"},"path":"art","code":"art","label":"art","originalId":"47c94991-2271-49b1-b363-88874f94e8f8","bindingField":"art","bindingPath":"art"},{"$type":"SimpleField","defaultValue":"","editor":{"$type":"TextBox"},"multiLanguage":false,"require":false,"readonly":false,"name":"历史地理","id":"9b5ecee2-59f4-47ca-8969-07fb0bf899b6","type":{"$type":"StringType","length":36,"name":"String","displayName":"字符串"},"path":"historygeographically","code":"historygeographically","label":"historygeographically","originalId":"9b5ecee2-59f4-47ca-8969-07fb0bf899b6","bindingField":"historygeographically","bindingPath":"historygeographically"},{"$type":"SimpleField","defaultValue":"","editor":{"$type":"TextBox"},"multiLanguage":false,"require":false,"readonly":false,"name":"自然科学总论","id":"8097cf66-1366-4065-895b-88c8101a5fbe","type":{"$type":"StringType","length":36,"name":"String","displayName":"字符串"},"path":"ntroductiontoNaturalScience","code":"ntroductiontoNaturalScience","label":"ntroductiontoNaturalScience","originalId":"8097cf66-1366-4065-895b-88c8101a5fbe","bindingField":"ntroductiontoNaturalScience","bindingPath":"ntroductiontoNaturalScience"},{"$type":"SimpleField","defaultValue":"","editor":{"$type":"TextBox"},"multiLanguage":false,"require":false,"readonly":false,"name":"数理科学化学","id":"57111940-cce4-46b9-9b5d-95c0a9a68357","type":{"$type":"StringType","length":36,"name":"String","displayName":"字符串"},"path":"MathematicalChemistry","code":"MathematicalChemistry","label":"mathematicalChemistry","originalId":"57111940-cce4-46b9-9b5d-95c0a9a68357","bindingField":"mathematicalChemistry","bindingPath":"mathematicalChemistry"},{"$type":"SimpleField","defaultValue":"","editor":{"$type":"TextBox"},"multiLanguage":false,"require":false,"readonly":false,"name":"天文学和地球科学","id":"bd12bcb7-a6b6-46b3-a276-40d0636df148","type":{"$type":"StringType","length":36,"name":"String","displayName":"字符串"},"path":"AstronomyEarthScience","code":"AstronomyEarthScience","label":"astronomyEarthScience","originalId":"bd12bcb7-a6b6-46b3-a276-40d0636df148","bindingField":"astronomyEarthScience","bindingPath":"astronomyEarthScience"},{"$type":"SimpleField","defaultValue":"","editor":{"$type":"TextBox"},"multiLanguage":false,"require":false,"readonly":false,"name":"生物科学","id":"a262b777-7a35-4c11-aea6-1338a5d3c920","type":{"$type":"StringType","length":36,"name":"String","displayName":"字符串"},"path":"biological","code":"biological","label":"biological","originalId":"a262b777-7a35-4c11-aea6-1338a5d3c920","bindingField":"biological","bindingPath":"biological"},{"$type":"SimpleField","defaultValue":"","editor":{"$type":"TextBox"},"multiLanguage":false,"require":false,"readonly":false,"name":"医药卫生","id":"23ca2f87-1830-4e22-b465-3168b9af972d","type":{"$type":"StringType","length":36,"name":"String","displayName":"字符串"},"path":"MedicineHealth","code":"MedicineHealth","label":"medicineHealth","originalId":"23ca2f87-1830-4e22-b465-3168b9af972d","bindingField":"medicineHealth","bindingPath":"medicineHealth"},{"$type":"SimpleField","defaultValue":"","editor":{"$type":"TextBox"},"multiLanguage":false,"require":false,"readonly":false,"name":"农业科学","id":"650eb7d9-b3da-4f65-90f9-e8c9f4c9170f","type":{"$type":"StringType","length":36,"name":"String","displayName":"字符串"},"path":"Agriculture","code":"Agriculture","label":"agriculture","originalId":"650eb7d9-b3da-4f65-90f9-e8c9f4c9170f","bindingField":"agriculture","bindingPath":"agriculture"},{"$type":"SimpleField","defaultValue":"","editor":{"$type":"TextBox"},"multiLanguage":false,"require":false,"readonly":false,"name":"工业技术","id":"59b1e6a8-a5bc-4dee-8ce1-e136fd4e8fd2","type":{"$type":"StringType","length":36,"name":"String","displayName":"字符串"},"path":"technology","code":"technology","label":"technology","originalId":"59b1e6a8-a5bc-4dee-8ce1-e136fd4e8fd2","bindingField":"technology","bindingPath":"technology"},{"$type":"SimpleField","defaultValue":"","editor":{"$type":"TextBox"},"multiLanguage":false,"require":false,"readonly":false,"name":"交通运输","id":"601e70c9-7183-42db-b1e7-da4fba650fed","type":{"$type":"StringType","length":36,"name":"String","displayName":"字符串"},"path":"Transportation","code":"Transportation","label":"transportation","originalId":"601e70c9-7183-42db-b1e7-da4fba650fed","bindingField":"transportation","bindingPath":"transportation"},{"$type":"SimpleField","defaultValue":"","editor":{"$type":"TextBox"},"multiLanguage":false,"require":false,"readonly":false,"name":"航空航天","id":"16d0c037-53aa-4f48-8731-d1116fa57b69","type":{"$type":"StringType","length":36,"name":"String","displayName":"字符串"},"path":"Aerospace","code":"Aerospace","label":"aerospace","originalId":"16d0c037-53aa-4f48-8731-d1116fa57b69","bindingField":"aerospace","bindingPath":"aerospace"},{"$type":"SimpleField","defaultValue":"","editor":{"$type":"TextBox"},"multiLanguage":false,"require":false,"readonly":false,"name":"环境科学安全科学","id":"2504d8ff-bbf6-4796-8bbb-5496b285955a","type":{"$type":"StringType","length":36,"name":"String","displayName":"字符串"},"path":"EnvironmentalSafety","code":"EnvironmentalSafety","label":"environmentalSafety","originalId":"2504d8ff-bbf6-4796-8bbb-5496b285955a","bindingField":"environmentalSafety","bindingPath":"environmentalSafety"},{"$type":"SimpleField","defaultValue":"","editor":{"$type":"TextBox"},"multiLanguage":false,"require":false,"readonly":false,"name":"综合性图书","id":"274231df-1249-4269-8408-c2f721354016","type":{"$type":"StringType","length":36,"name":"String","displayName":"字符串"},"path":"Comprehensivebooks","code":"Comprehensivebooks","label":"comprehensivebooks","originalId":"274231df-1249-4269-8408-c2f721354016","bindingField":"comprehensivebooks","bindingPath":"comprehensivebooks"},{"$type":"SimpleField","defaultValue":"","editor":{"$type":"TextBox"},"multiLanguage":false,"require":false,"readonly":false,"name":"图书类别名称","id":"707c1bb4-1879-4f80-8ed3-aa990f509d7b","type":{"$type":"StringType","length":36,"name":"String","displayName":"字符串"},"path":"booklbname","code":"booklbname","label":"booklbname","originalId":"707c1bb4-1879-4f80-8ed3-aa990f509d7b","bindingField":"booklbname","bindingPath":"booklbname"},{"$type":"SimpleField","defaultValue":"","editor":{"$type":"TextBox"},"multiLanguage":false,"require":false,"readonly":false,"name":"图书类别编号","id":"b9bc3b63-f6c8-46a8-8082-0d4e89c9cd3d","type":{"$type":"StringType","length":36,"name":"String","displayName":"字符串"},"path":"booklbcode","code":"booklbcode","label":"booklbcode","originalId":"b9bc3b63-f6c8-46a8-8082-0d4e89c9cd3d","bindingField":"booklbcode","bindingPath":"booklbcode"},{"$type":"SimpleField","defaultValue":"","editor":{"$type":"MultiTextBox"},"multiLanguage":false,"require":false,"readonly":false,"name":"备注","id":"efe474e2-4e30-431e-b303-61764fc36e45","type":{"$type":"TextType","length":0,"name":"Text","displayName":"文本"},"path":"Remark","code":"Remark","label":"remark","originalId":"efe474e2-4e30-431e-b303-61764fc36e45","bindingField":"remark","bindingPath":"remark"}],"entities":[],"primary":"id","name":"BookFL","displayName":"图书分类"},"code":"BookFL","label":"bookFLs"}],"variables":[],"extendProperties":{"enableStdTimeFormat":true},"sourceUri":"api/bookmanagement/gly/v1.0/BookFLZD_frm"}],"states":[],"contents":[],"stateMachines":[{"id":"BookFLZD_state_machine","name":"图书分类字典_frm","uri":"33f51e22-265b-44e6-a73e-2a6b6f0884eb","code":"BookFLZD_frm","nameSpace":"Inspur.GS.bookmanagement.GLY.BookMgr.BookMgr.Front"}],"viewmodels":[{"id":"root-viewmodel","code":"root-viewmodel","name":"图书分类","fields":[],"stateMachine":"BookFLZD_state_machine","serviceRefs":[],"commands":[],"states":[],"bindTo":"/","enableUnifiedSession":false},{"id":"data-grid-component-viewmodel","code":"data-grid-component-viewmodel","name":"图书分类","fields":[{"type":"Form","id":"707c1bb4-1879-4f80-8ed3-aa990f509d7b","fieldName":"booklbname","groupId":null,"groupName":null,"updateOn":"blur"}],"commands":[{"id":"fda876c8-7230-46e7-af3d-d38233642275","code":"loadList1","name":"加载列表数据","params":[],"handlerName":"loadList","cmpId":"7c48ef46-339c-42d4-8365-a21236c63044","extensions":[],"isInvalid":false},{"id":"22576fc1-08fb-49a9-b132-295c7392b481","code":"remove1","name":"删除当前数据","params":[{"name":"id","shownName":"待删除数据的标识","value":"{DATA~/#{data-grid-component}/id}"}],"handlerName":"remove","cmpId":"7c48ef46-339c-42d4-8365-a21236c63044","extensions":[],"isInvalid":false},{"id":"8788c27e-722a-4b98-9d57-98eafb526fe5","code":"loadCard1","name":"加载卡片数据","params":[],"handlerName":"loadCard","cmpId":"7c48ef46-339c-42d4-8365-a21236c63044","extensions":[],"isInvalid":false},{"id":"ef281c13-4480-4256-901e-4bef5f92bd9e","code":"add1","name":"新增一条数据","params":[],"handlerName":"add","cmpId":"7c48ef46-339c-42d4-8365-a21236c63044","extensions":[],"isInvalid":false},{"id":"e7cf83c2-e52d-4dce-aded-047a819c8068","code":"changePage1","name":"切换页码","params":[{"name":"loadCommandName","shownName":"切换页面后回调方法","value":"loadList1"},{"name":"loadCommandFrameId","shownName":"目标组件","value":"data-grid-component"}],"handlerName":"changePage","cmpId":"7c48ef46-339c-42d4-8365-a21236c63044","extensions":[],"isInvalid":false}],"serviceRefs":[],"states":[],"bindTo":"/","parent":"root-viewmodel","pagination":{"enable":true,"pageSize":20,"pageList":"10,20,30,50,100"},"enableValidation":false},{"id":"detail-form-component-viewmodel","code":"detail-form-component-viewmodel","name":"图书分类","fields":[{"type":"Form","id":"707c1bb4-1879-4f80-8ed3-aa990f509d7b","fieldName":"booklbname","groupId":null,"groupName":null,"updateOn":"blur"},{"type":"Form","id":"b9bc3b63-f6c8-46a8-8082-0d4e89c9cd3d","fieldName":"booklbcode","groupId":null,"groupName":null,"updateOn":"blur"},{"type":"Form","id":"efe474e2-4e30-431e-b303-61764fc36e45","fieldName":"remark","groupId":null,"groupName":null,"updateOn":"blur"}],"commands":[{"id":"d12acc4e-6274-44dc-95e6-cedeb5e66707","code":"edit1","name":"编辑数据","params":[{"name":"id","shownName":"待编辑数据的标识","value":"{DATA~/#{detail-form-component}/id}"},{"name":"transitionAction","shownName":"状态机动作","value":"Edit"}],"handlerName":"edit","cmpId":"7c48ef46-339c-42d4-8365-a21236c63044","extensions":[],"isInvalid":false},{"id":"5707d460-c441-45c4-8fe1-f77abd9f75b1","code":"save1","name":"保存变更","params":[],"handlerName":"save","cmpId":"7c48ef46-339c-42d4-8365-a21236c63044","extensions":[],"isInvalid":false},{"id":"b3897b4b-a37f-48e3-afb3-8489cec02806","code":"cancel1","name":"取消变更","params":[],"handlerName":"cancel","cmpId":"7c48ef46-339c-42d4-8365-a21236c63044","extensions":[],"isInvalid":false}],"serviceRefs":[],"states":[],"bindTo":"/","parent":"root-viewmodel","enableValidation":true}],"components":[{"id":"root-component","type":"Component","componentType":"Frame","viewModel":"root-viewmodel","onInit":"","contents":[{"id":"root-layout","type":"ContentContainer","appearance":{"class":"f-page f-page-navigate f-page-is-grid-card"},"size":null,"contents":[{"id":"page-header","type":"ContentContainer","appearance":{"class":"f-page-header"},"size":null,"contents":[{"id":"header-nav","type":"ContentContainer","appearance":{"class":"f-page-header-base"},"size":null,"contents":[{"id":"header-title-container","type":"ContentContainer","appearance":{"class":"f-title"},"size":null,"contents":[{"id":"page-header-title","type":"HtmlTemplate","html":"<span class=\"f-title-icon f-text-orna-dict\"><i class=\"f-icon f-icon-page-title-dictionary\"></i></span><h4 class=\"f-title-text\">{{'title'|lang:lang:'图书分类字典'}}</h4>"}],"visible":true,"isScrollspyContainer":false},{"id":"page-header-toolbar","type":"ToolBar","appearance":{"class":"col-7 f-toolbar"},"size":null,"items":[{"id":"button-add","type":"ToolBarItem","appearance":{"class":"btn-primary"},"disable":"!viewModel.stateMachine['canAdd']","text":"新增","visible":true,"click":"root-viewmodel.data-grid-component-viewmodel.add1","items":[],"usageMode":"button","modalConfig":null},{"id":"button-edit","type":"ToolBarItem","appearance":null,"disable":"!viewModel.stateMachine['canEdit']","text":"编辑","visible":true,"click":"root-viewmodel.detail-form-component-viewmodel.edit1","items":[],"usageMode":"button","modalConfig":null},{"id":"button-save","type":"ToolBarItem","appearance":null,"disable":"!viewModel.stateMachine['canSave']","text":"保存","visible":true,"click":"root-viewmodel.detail-form-component-viewmodel.save1","items":[],"usageMode":"button","modalConfig":null},{"id":"button-cancel","type":"ToolBarItem","appearance":null,"disable":"!viewModel.stateMachine['canCancel']","text":"取消","visible":true,"click":"root-viewmodel.detail-form-component-viewmodel.cancel1","items":[],"usageMode":"button","modalConfig":null},{"id":"button-delete","type":"ToolBarItem","appearance":null,"disable":"!viewModel.stateMachine['canRemove']","text":"删除","visible":true,"click":"root-viewmodel.data-grid-component-viewmodel.remove1","items":[],"usageMode":"button","modalConfig":null}],"visible":true,"buttonSize":"default","popDirection":"default"}],"visible":true,"isScrollspyContainer":false}],"visible":true,"isScrollspyContainer":false},{"id":"main-container","type":"ContentContainer","appearance":{"class":"f-page-main"},"size":null,"contents":[{"id":"content-splitter","type":"Splitter","appearance":{"class":"f-page-content"},"size":null,"contents":[{"id":"content-list","type":"SplitterPane","appearance":{"class":"f-col-w6 f-page-content-nav"},"size":null,"resizable":true,"resizeHandlers":"e","contents":[{"id":"data-grid-component-ref","type":"ComponentRef","component":"data-grid-component","visible":true}],"visible":true},{"id":"content-main","type":"SplitterPane","appearance":{"class":"f-page-content-main"},"size":null,"contents":[{"id":"detail-component-ref","type":"ComponentRef","component":"detail-form-component","visible":true}],"visible":true,"resizable":false,"resizeHandlers":""}],"visible":true,"orientation":"horizontal"}],"visible":true,"isScrollspyContainer":false}],"visible":true,"isScrollspyContainer":false}],"appearance":null,"visible":true,"afterViewInit":null},{"id":"data-grid-component","type":"Component","componentType":"dataGrid","viewModel":"data-grid-component-viewmodel","appearance":{"class":"f-struct-wrapper  f-utils-fill-flex-column"},"onInit":"loadList1","contents":[{"id":"data-grid-section","type":"Section","appearance":{"class":"f-section-grid f-section-in-nav"},"size":null,"visible":true,"mainTitle":"","subTitle":"","headerClass":"","titleClass":"","extendedHeaderAreaClass":"","toolbarClass":"","extendedAreaClass":"","contentTemplateClass":"","fill":false,"expanded":true,"enableMaximize":true,"enableAccordion":true,"accordionMode":"default","showHeader":false,"headerTemplate":"","titleTemplate":"","extendedHeaderAreaTemplate":"","toolbarTemplate":"","extendedAreaTemplate":"","contents":[{"id":"dataGrid","type":"DataGrid","controlSource":"Farris","appearance":{"class":"f-component-grid"},"size":null,"dataSource":"bookFLs","fields":[{"id":"booklbname_707c1bb4_wklx","type":"GridField","controlSource":"Farris","caption":"图书类别名称","captionTemplate":null,"dataField":"booklbname","dataType":"string","binding":{"type":"Form","path":"booklbname","field":"707c1bb4-1879-4f80-8ed3-aa990f509d7b","fullPath":"booklbname"},"enumData":null,"appearance":null,"size":{"width":120},"displayTemplate":null,"editor":null,"draggable":false,"frozen":"none","sortable":true,"sortOrder":null,"resizeable":true,"aggregate":{"type":"none","formatter":{"type":"none"}},"groupAggregate":{"type":"none","formatter":{"type":"none"}},"styler":"","colTemplate":"","linkedLabelEnabled":false,"linkedLabelClick":null,"textAlign":"left","hAlign":"left","vAlign":"middle","formatter":{"type":"none"},"showTips":false,"tipContent":null,"multiLanguage":false,"enableFilter":false,"headerStyler":"","localization":false,"idField":"value","textField":"name","readonly":false,"visible":true,"allowGrouping":true,"tipMode":"auto","captionTipContent":"","captionTipStyler":"","localizationType":"Date"}],"focusedItem":null,"focusedIndex":null,"identifyField":null,"multiSelect":false,"selectable":null,"showCheckbox":false,"showAllCheckbox":false,"checkOnSelect":false,"selectOnCheck":false,"itemTemplate":null,"toolBar":null,"summary":null,"groupable":false,"group":null,"showGroupColumn":true,"groupFormatter":null,"groupStyler":null,"groupFooter":false,"onSelectionChange":"loadCard1","fieldEditable":false,"appendRow":null,"disable":"viewModel.stateMachine['editable']","pageChange":"changePage1","pageSizeChanged":"changePage1","fitColumns":false,"autoFitColumns":false,"styler":"","multiSort":false,"showBorder":false,"striped":true,"showLineNumber":false,"disableRow":null,"beforeSelect":null,"beforeUnSelect":null,"beforeCheck":null,"beforeUnCheck":null,"dblClickRow":null,"showFooter":false,"footerTemplate":"","footerDataFrom":"client","footerDataCommand":null,"enableFilterRow":false,"remoteFilter":false,"showFilterBar":false,"useControlPanel":false,"autoHeight":false,"showSelectedList":false,"selectedItemFormatter":null,"lineNumberWidth":36,"enableMorePageSelect":false,"pagination":true,"lockPagination":"viewModel.stateMachine&&viewModel.stateMachine['editable']","showPageSize":false,"editable":null,"fixedColumns":[],"enableCommandColumn":false,"onEditClicked":"","onDeleteClicked":"","commandColumnWidth":120,"showCommandColumn":true,"checkedChange":null,"footerHeight":29,"filterType":"none","enableSmartFilter":false,"lineNumberTitle":"","rowClick":null,"headerWrap":false,"emptyTemplate":null,"emptyDataHeight":36,"maxHeight":300,"rowHeight":30,"enableHighlightCell":false,"enableEditCellStyle":false,"showRowGroupPanel":false,"enableDragColumn":false,"groupSummaryPosition":"groupFooterRow","clearSelectionsWhenDataIsEmpty":true,"keepSelect":true,"enableEditByCard":"none","visible":true,"showGotoInput":false,"scrollBarShowMode":"auto","showScrollArrow":false,"footerPosition":"bottom","footerStyler":null,"selectOnEditing":false,"selectionMode":"default","enableContextMenu":false,"disableGroupOnEditing":true,"enableSimpleMode":false,"enableScheme":false,"beforeEdit":null,"nowrap":true,"mergeCell":false,"remoteSort":false,"columnSorted":null,"enableHeaderGroup":false,"headerGroup":null,"AutoColumnWidthUseDblclick":true,"virtualized":false,"virtualizedAsyncLoad":false,"scrollYLoad":null,"pagerContentTemplate":null,"expandGroupRows":true,"useBlankWhenDataIsEmpty":false}],"isScrollSpyItem":false,"toolbar":{"type":"SectionToolbar","position":"inHead","contents":[]}}],"visible":true,"afterViewInit":null},{"id":"detail-form-component","type":"Component","componentType":"form-col-1","viewModel":"detail-form-component-viewmodel","onInit":"","appearance":{"class":"f-struct-wrapper"},"contents":[{"id":"detail-form-section","type":"Section","appearance":{"class":"f-section-form f-section-in-main"},"visible":true,"mainTitle":"基本信息","subTitle":"","headerClass":"","titleClass":"","extendedHeaderAreaClass":"","toolbarClass":"","extendedAreaClass":"","contentTemplateClass":"","fill":false,"expanded":true,"enableMaximize":false,"enableAccordion":false,"accordionMode":"default","showHeader":true,"headerTemplate":"","titleTemplate":"","extendedHeaderAreaTemplate":"","toolbarTemplate":"","extendedAreaTemplate":"","contents":[{"id":"detail-form-layout","type":"Form","appearance":{"class":"f-form-layout farris-form farris-form-controls-inline"},"size":null,"contents":[{"id":"booklbname_707c1bb4_kdt4","type":"TextBox","titleSourceType":"static","title":"图书类别名称","appearance":{"class":"col-12"},"size":null,"binding":{"type":"Form","path":"booklbname","field":"707c1bb4-1879-4f80-8ed3-aa990f509d7b","fullPath":"booklbname"},"readonly":"!viewModel.stateMachine['editable']","require":false,"disable":false,"placeHolder":"","format":null,"validation":null,"value":null,"maxLength":36,"linkedLabelEnabled":false,"linkedLabelClick":null,"visible":true,"holdPlace":false,"isTextArea":true,"isPassword":false,"tabindex":-1,"hasDefaultFocus":false,"focusState":null,"titleWidth":null,"enableTips":true,"path":"booklbname","enableAppend":false,"inputAppendType":"button","inputAppendDisabled":false,"formatValidation":{"type":"none","expression":"","message":""},"autoHeight":false,"maxHeight":500},{"id":"booklbcode_b9bc3b63_6bc0","type":"TextBox","titleSourceType":"static","title":"图书类别编号","appearance":{"class":"col-12"},"size":null,"binding":{"type":"Form","path":"booklbcode","field":"b9bc3b63-f6c8-46a8-8082-0d4e89c9cd3d","fullPath":"booklbcode"},"readonly":"!viewModel.stateMachine['editable']","require":false,"disable":false,"placeHolder":"","format":null,"validation":null,"value":null,"maxLength":36,"linkedLabelEnabled":false,"linkedLabelClick":null,"visible":true,"holdPlace":false,"isTextArea":true,"isPassword":false,"tabindex":-1,"hasDefaultFocus":false,"focusState":null,"titleWidth":null,"enableTips":true,"path":"booklbcode","enableAppend":false,"inputAppendType":"button","inputAppendDisabled":false,"formatValidation":{"type":"none","expression":"","message":""},"autoHeight":false,"maxHeight":500},{"id":"remark_efe474e2_dupt","type":"MultiTextBox","titleSourceType":"static","title":"备注","binding":{"type":"Form","path":"remark","field":"efe474e2-4e30-431e-b303-61764fc36e45","fullPath":"Remark"},"placeHolder":"","appearance":{"class":"col-12"},"size":null,"readonly":"!viewModel.stateMachine['editable']","require":false,"disable":false,"format":null,"validation":null,"value":null,"maxLength":0,"linkedLabelEnabled":false,"linkedLabelClick":null,"visible":true,"holdPlace":false,"isTextArea":true,"tabindex":-1,"hasDefaultFocus":false,"focusState":null,"titleWidth":null,"autoHeight":false,"path":"remark","editType":"default","dialogWidth":500,"dialogHeight":400,"maxHeight":500,"enableWordCount":false,"countType":"surplus","onlyShowInDialog":false,"enableAppend":false,"inputAppendType":"button","inputAppendDisabled":false,"useComments":false}],"controlsInline":true,"formAutoIntl":true,"visible":true,"labelAutoOverflow":false}],"isScrollSpyItem":false,"toolbar":{"type":"SectionToolbar","position":"inHead","contents":[]}}],"visible":true,"afterViewInit":null}],"webcmds":[{"id":"7c48ef46-339c-42d4-8365-a21236c63044","path":"/projects/packages/Inspur.GS.Gsp.Web.WebCmp/webcmd","name":"ListCardController.webcmd","refedHandlers":[{"host":"fda876c8-7230-46e7-af3d-d38233642275","handler":"loadList"},{"host":"8788c27e-722a-4b98-9d57-98eafb526fe5","handler":"loadCard"},{"host":"ef281c13-4480-4256-901e-4bef5f92bd9e","handler":"add"},{"host":"d12acc4e-6274-44dc-95e6-cedeb5e66707","handler":"edit"},{"host":"5707d460-c441-45c4-8fe1-f77abd9f75b1","handler":"save"},{"host":"b3897b4b-a37f-48e3-afb3-8489cec02806","handler":"cancel"},{"host":"22576fc1-08fb-49a9-b132-295c7392b481","handler":"remove"},{"host":"e7cf83c2-e52d-4dce-aded-047a819c8068","handler":"changePage"}],"code":"ListCardController","nameSpace":"Inspur.GS.Gsp.Web.WebCmp"}],"serviceRefs":[],"projectName":"bo-bookmgr-front","showType":"page","toolbar":{"items":{},"configs":{}},"declarations":{"events":[],"commands":[],"states":[]},"subscriptions":[],"extraImports":[],"expressions":[],"metadataId":"3ff90e94-9e55-42fc-b2ad-ccd336b5f5b7","actions":[{"sourceComponent":{"id":"button-add","viewModelId":"data-grid-component-viewmodel","map":[{"event":{"label":"click","name":"点击事件"},"targetComponent":{"id":"data-grid-component","viewModelId":"data-grid-component-viewmodel"},"command":{"id":"ef281c13-4480-4256-901e-4bef5f92bd9e","label":"add1","name":"新增一条数据","handlerName":"add","params":[],"cmpId":"7c48ef46-339c-42d4-8365-a21236c63044","isNewGenerated":false,"isInvalid":false},"controller":{"id":"7c48ef46-339c-42d4-8365-a21236c63044","label":"ListCardController","name":"列卡控制器"}}]}},{"sourceComponent":{"id":"button-edit","viewModelId":"detail-form-component-viewmodel","map":[{"event":{"label":"click","name":"点击事件"},"targetComponent":{"id":"detail-form-component","viewModelId":"detail-form-component-viewmodel"},"command":{"id":"d12acc4e-6274-44dc-95e6-cedeb5e66707","label":"edit1","name":"编辑数据","handlerName":"edit","params":[{"name":"id","shownName":"待编辑数据的标识","value":"{DATA~/#{detail-form-component}/id}"},{"name":"transitionAction","shownName":"状态机动作","value":"Edit"}],"cmpId":"7c48ef46-339c-42d4-8365-a21236c63044","isNewGenerated":false,"isInvalid":false},"controller":{"id":"7c48ef46-339c-42d4-8365-a21236c63044","label":"ListCardController","name":"列卡控制器"}}]}},{"sourceComponent":{"id":"button-save","viewModelId":"detail-form-component-viewmodel","map":[{"event":{"label":"click","name":"点击事件"},"targetComponent":{"id":"detail-form-component","viewModelId":"detail-form-component-viewmodel"},"command":{"id":"5707d460-c441-45c4-8fe1-f77abd9f75b1","label":"save1","name":"保存变更","handlerName":"save","params":[],"cmpId":"7c48ef46-339c-42d4-8365-a21236c63044","isNewGenerated":false,"isInvalid":false},"controller":{"id":"7c48ef46-339c-42d4-8365-a21236c63044","label":"ListCardController","name":"列卡控制器"}}]}},{"sourceComponent":{"id":"button-cancel","viewModelId":"detail-form-component-viewmodel","map":[{"event":{"label":"click","name":"点击事件"},"targetComponent":{"id":"detail-form-component","viewModelId":"detail-form-component-viewmodel"},"command":{"id":"b3897b4b-a37f-48e3-afb3-8489cec02806","label":"cancel1","name":"取消变更","handlerName":"cancel","params":[],"cmpId":"7c48ef46-339c-42d4-8365-a21236c63044","isNewGenerated":false,"isInvalid":false},"controller":{"id":"7c48ef46-339c-42d4-8365-a21236c63044","label":"ListCardController","name":"列卡控制器"}}]}},{"sourceComponent":{"id":"button-delete","viewModelId":"data-grid-component-viewmodel","map":[{"event":{"label":"click","name":"点击事件"},"targetComponent":{"id":"data-grid-component","viewModelId":"data-grid-component-viewmodel"},"command":{"id":"22576fc1-08fb-49a9-b132-295c7392b481","label":"remove1","name":"删除当前数据","handlerName":"remove","params":[{"name":"id","shownName":"待删除数据的标识","value":"{DATA~/#{data-grid-component}/id}"}],"cmpId":"7c48ef46-339c-42d4-8365-a21236c63044","isNewGenerated":false,"isInvalid":false},"controller":{"id":"7c48ef46-339c-42d4-8365-a21236c63044","label":"ListCardController","name":"列卡控制器"}}]}},{"sourceComponent":{"id":"dataGrid","viewModelId":"data-grid-component-viewmodel","map":[{"event":{"label":"onSelectionChange","name":"行切换事件"},"targetComponent":{"id":"data-grid-component","viewModelId":"data-grid-component-viewmodel"},"command":{"id":"8788c27e-722a-4b98-9d57-98eafb526fe5","label":"loadCard1","name":"加载卡片数据","handlerName":"loadCard","params":[],"cmpId":"7c48ef46-339c-42d4-8365-a21236c63044","isNewGenerated":false,"isInvalid":false},"controller":{"id":"7c48ef46-339c-42d4-8365-a21236c63044","label":"ListCardController","name":"列卡控制器"}},{"event":{"label":"pageChange","name":"切换页码事件"},"targetComponent":{"id":"data-grid-component","viewModelId":"data-grid-component-viewmodel"},"command":{"id":"e7cf83c2-e52d-4dce-aded-047a819c8068","label":"changePage1","name":"切换页码","handlerName":"changePage","params":[{"name":"loadCommandName","shownName":"切换页面后回调方法","value":"loadList1"},{"name":"loadCommandFrameId","shownName":"目标组件","value":"data-grid-component"}],"cmpId":"7c48ef46-339c-42d4-8365-a21236c63044","isNewGenerated":false,"isInvalid":false},"controller":{"id":"7c48ef46-339c-42d4-8365-a21236c63044","label":"ListCardController","name":"列卡控制器"}},{"event":{"label":"pageSizeChanged","name":"分页条数变化事件"},"targetComponent":{"id":"data-grid-component","viewModelId":"data-grid-component-viewmodel"},"command":{"id":"e7cf83c2-e52d-4dce-aded-047a819c8068","label":"changePage1","name":"切换页码","handlerName":"changePage","params":[{"name":"loadCommandName","shownName":"切换页面后回调方法","value":"loadList1"},{"name":"loadCommandFrameId","shownName":"目标组件","value":"data-grid-component"}],"cmpId":"7c48ef46-339c-42d4-8365-a21236c63044","isNewGenerated":false,"isInvalid":false},"controller":{"id":"7c48ef46-339c-42d4-8365-a21236c63044","label":"ListCardController","name":"列卡控制器"}}]}},{"sourceComponent":{"id":"data-grid-component","viewModelId":"data-grid-component-viewmodel","map":[{"event":{"label":"onInit","name":"初始化事件"},"targetComponent":{"id":"data-grid-component","viewModelId":"data-grid-component-viewmodel"},"command":{"id":"fda876c8-7230-46e7-af3d-d38233642275","label":"loadList1","name":"加载列表数据","handlerName":"loadList","params":[],"cmpId":"7c48ef46-339c-42d4-8365-a21236c63044","isNewGenerated":false,"isInvalid":false},"controller":{"id":"7c48ef46-339c-42d4-8365-a21236c63044","label":"ListCardController","name":"列卡控制器"}}]}}]},"options":{"enableTextArea":true,"renderMode":"compile","enableDeleteSourceCode":true,"changeSetPolicy":"valid","enableServerSideChangeDetection":false}}