{"module":{"id":"TSXXGL","code":"TSXXGL","name":"图书信息管理","caption":"图书信息管理","type":"Module","creator":"mashuo","creationDate":"2023-12-06T15:35:14.663Z","updateVersion":"191104","showTitle":true,"bootstrap":"card-table-template","templateId":"card-table-template","schemas":[{"eapiId":"397c9dba-4f46-4899-9b66-2357ede2ec6c","eapiCode":"TSXXGL_frm","eapiName":"图书信息管理_frm","eapiNameSpace":"Inspur.GS.bookmanagement.GLY.BookMgr.BookMgr.Front","voPath":"bookmanagement/GLY/BookMgr/bo-bookmgr-front/metadata/components","voNameSpace":"Inspur.GS.bookmanagement.GLY.BookMgr.BookMgr.Front","name":"图书信息管理_frm","id":"c1878423-1b05-42d2-918e-366806581069","sourceType":"vo","code":"TSXXGL_frm","entities":[{"name":"图书信息管理","id":"aeef9dc2-0fce-41ab-8fd3-8eebafbb7801","type":{"$type":"EntityType","fields":[{"$type":"SimpleField","defaultValue":"","editor":{"$type":"TextBox"},"multiLanguage":false,"require":true,"readonly":false,"name":"主键","id":"b6ade2d3-30da-49a4-8399-8bda86072526","type":{"$type":"StringType","length":36,"name":"String","displayName":"字符串"},"path":"ID","code":"ID","label":"id","originalId":"b6ade2d3-30da-49a4-8399-8bda86072526","bindingField":"id","bindingPath":"id"},{"$type":"SimpleField","defaultValue":"","editor":{"$type":"DateBox","format":"'yyyy-MM-dd'"},"multiLanguage":false,"require":false,"readonly":false,"name":"版本","id":"3d1fd019-3bf8-49ed-a541-f818094b4f6b","type":{"$type":"DateTimeType","name":"DateTime","displayName":"日期时间"},"path":"Version","code":"Version","label":"version","originalId":"3d1fd019-3bf8-49ed-a541-f818094b4f6b","bindingField":"version","bindingPath":"version"},{"$type":"ComplexField","name":"状态","id":"7c14f7d0-00fa-4cc7-8418-9bb6804f87e6","type":{"$type":"ObjectType","name":"BillState7c14","fields":[{"$type":"SimpleField","defaultValue":"","editor":{"$type":"EnumField"},"multiLanguage":false,"require":false,"readonly":false,"name":"状态","id":"7c14f7d0-0101-468f-ae3f-40c76c0f06b0","type":{"$type":"EnumType","name":"Enum","displayName":"枚举","valueType":{"$type":"StringType","length":36,"name":"String","displayName":"字符串"},"enumValues":[{"name":"制单","value":"Billing"},{"name":"提交审批","value":"SubmitApproval"},{"name":"审批通过","value":"Approved"},{"name":"审批不通过","value":"ApprovalNotPassed"}]},"path":"BillStatus.BillState","code":"BillState","label":"billState","originalId":"a0b19650-0101-468f-ae3f-40c76c0f06b0","bindingField":"billStatus_BillState","bindingPath":"billStatus.billState"}],"displayName":"状态"},"path":"BillStatus","code":"BillStatus","label":"billStatus","originalId":"7c14f7d0-00fa-4cc7-8418-9bb6804f87e6","bindingField":"billStatus","bindingPath":"billStatus"},{"$type":"ComplexField","name":"流程实例","id":"ad46fe17-d07f-4658-a574-5bee52a91fe8","type":{"$type":"ObjectType","name":"ProcessInstanceAd46","fields":[{"$type":"SimpleField","defaultValue":"","editor":{"$type":"TextBox"},"multiLanguage":false,"require":false,"readonly":false,"name":"流程实例","id":"ad46fe17-ad8f-4da3-a430-c8a7f2162135","type":{"$type":"StringType","length":36,"name":"String","displayName":"字符串"},"path":"ProcessInstance.ProcessInstance","code":"ProcessInstance","label":"processInstance","originalId":"2e1beb7d-ad8f-4da3-a430-c8a7f2162135","bindingField":"processInstance_ProcessInstance","bindingPath":"processInstance.processInstance"}],"displayName":"流程实例"},"path":"ProcessInstance","code":"ProcessInstance","label":"processInstance","originalId":"ad46fe17-d07f-4658-a574-5bee52a91fe8","bindingField":"processInstance","bindingPath":"processInstance"},{"$type":"SimpleField","defaultValue":"","editor":{"$type":"TextBox"},"multiLanguage":false,"require":false,"readonly":false,"name":"编号","id":"56d54438-6452-487e-a562-8b396d375add","type":{"$type":"StringType","length":36,"name":"String","displayName":"字符串"},"path":"bookid","code":"bookid","label":"bookid","originalId":"56d54438-6452-487e-a562-8b396d375add","bindingField":"bookid","bindingPath":"bookid"},{"$type":"SimpleField","defaultValue":"","editor":{"$type":"TextBox"},"multiLanguage":false,"require":false,"readonly":false,"name":"名称","id":"d4be1e84-1599-4e54-a6bc-864277cfe7c7","type":{"$type":"StringType","length":36,"name":"String","displayName":"字符串"},"path":"bookname","code":"bookname","label":"bookname","originalId":"d4be1e84-1599-4e54-a6bc-864277cfe7c7","bindingField":"bookname","bindingPath":"bookname"},{"$type":"SimpleField","defaultValue":"","editor":{"$type":"TextBox"},"multiLanguage":false,"require":false,"readonly":false,"name":"图书分类","id":"dd17bbb0-34a8-4a5e-b1e0-1a2f80e58824","type":{"$type":"StringType","length":36,"name":"String","displayName":"字符串"},"path":"bookcategories","code":"bookcategories","label":"bookcategories","originalId":"dd17bbb0-34a8-4a5e-b1e0-1a2f80e58824","bindingField":"bookcategories","bindingPath":"bookcategories"},{"$type":"SimpleField","defaultValue":"","editor":{"$type":"TextBox"},"multiLanguage":false,"require":false,"readonly":false,"name":"作者","id":"22364c01-b5c0-4abf-b9b9-f30d3d20e6eb","type":{"$type":"StringType","length":36,"name":"String","displayName":"字符串"},"path":"author","code":"author","label":"author","originalId":"22364c01-b5c0-4abf-b9b9-f30d3d20e6eb","bindingField":"author","bindingPath":"author"},{"$type":"SimpleField","defaultValue":"","editor":{"$type":"EnumField"},"multiLanguage":false,"require":false,"readonly":false,"name":"目前状态","id":"dcd5223b-cd2d-4ef3-a31d-db7495b4ff5e","type":{"$type":"EnumType","name":"Enum","displayName":"枚举","valueType":{"$type":"StringType","length":36,"name":"String","displayName":"字符串"},"enumValues":[{"name":"已借阅","value":"pass"},{"name":"未借阅","value":"none"}]},"path":"Curtstatus","code":"Curtstatus","label":"curtstatus","originalId":"dcd5223b-cd2d-4ef3-a31d-db7495b4ff5e","bindingField":"curtstatus","bindingPath":"curtstatus"},{"$type":"SimpleField","defaultValue":"","editor":{"$type":"DateBox","format":"'yyyy-MM-dd'"},"multiLanguage":false,"require":false,"readonly":false,"name":"出版日期","id":"afe65f29-eafa-46f6-a1da-a1d7beb78e09","type":{"$type":"DateType","name":"Date","displayName":"日期"},"path":"chubandate","code":"chubandate","label":"chubandate","originalId":"afe65f29-eafa-46f6-a1da-a1d7beb78e09","bindingField":"chubandate","bindingPath":"chubandate"}],"entities":[],"primary":"id","name":"BookMgr","displayName":"图书信息管理"},"code":"BookMgr","label":"bookMgrs"}],"variables":[],"extendProperties":{"enableStdTimeFormat":true},"sourceUri":"api/bookmanagement/gly/v1.0/TSXXGL_frm"}],"states":[],"contents":[],"stateMachines":[{"id":"TSXXGL_state_machine","name":"图书信息管理_frm","uri":"71c70abb-c322-486d-81be-7aee6fb26d90","code":"TSXXGL_frm","nameSpace":"Inspur.GS.bookmanagement.GLY.BookMgr.BookMgr.Front"}],"viewmodels":[{"id":"root-viewmodel","code":"root-viewmodel","name":"图书信息管理","fields":[],"stateMachine":"TSXXGL_state_machine","serviceRefs":[],"commands":[{"id":"e05264fb-796d-43fb-b83b-9e2f3866c328","code":"Load1","name":"执行加载页面后初始方法","params":[{"name":"action","shownName":"初始方法","value":"{UISTATE~/#{root-component}/action}"}],"handlerName":"Load","cmpId":"8172a979-2c80-4637-ace7-b13074d3f393","extensions":[],"isInvalid":false},{"id":"246a275c-88c9-4c8a-aa82-be6a950a4325","code":"LoadAndAdd1","name":"新增一条数据","params":[{"name":"transitionAction","shownName":"状态机动作","value":"Create"}],"handlerName":"LoadAndAdd","cmpId":"8172a979-2c80-4637-ace7-b13074d3f393","extensions":[],"isInvalid":false},{"id":"70acc053-fa15-45be-851c-cf694e1bcaf7","code":"LoadAndView1","name":"查看一条数据","params":[{"name":"id","shownName":"待查看数据的标识","value":"{UISTATE~/#{root-component}/id}"},{"name":"transitionAction","shownName":"状态机动作","value":"Cancel"}],"handlerName":"LoadAndView","cmpId":"8172a979-2c80-4637-ace7-b13074d3f393","extensions":[],"isInvalid":false},{"id":"3e72ee6f-8f7b-4f29-aa0e-5887f2861117","code":"LoadAndEdit1","name":"编辑当前数据","params":[{"name":"id","shownName":"待编辑数据的标识","value":"{UISTATE~/#{root-component}/id}"},{"name":"transitionAction","shownName":"状态机动作","value":"Edit"}],"handlerName":"LoadAndEdit","cmpId":"8172a979-2c80-4637-ace7-b13074d3f393","extensions":[],"isInvalid":false},{"id":"f90aadfa-988c-4da5-a5db-1416c3333794","code":"Add1","name":"新增一条数据","params":[{"name":"transitionAction","shownName":"状态机动作","value":"Create"}],"handlerName":"Add","cmpId":"8172a979-2c80-4637-ace7-b13074d3f393","extensions":[],"isInvalid":false},{"id":"a323e27b-b9c6-4848-93b9-f117403a94ff","code":"Edit1","name":"编辑当前数据","params":[{"name":"transitionAction","shownName":"状态机动作","value":"Edit"}],"handlerName":"Edit","cmpId":"8172a979-2c80-4637-ace7-b13074d3f393","extensions":[],"isInvalid":false},{"id":"31b814db-01e4-407d-8fad-0f08dbb01999","code":"Save1","name":"保存变更","params":[{"name":"transitionAction","shownName":"状态机动作","value":"Cancel"}],"handlerName":"Save","cmpId":"8172a979-2c80-4637-ace7-b13074d3f393","extensions":[],"isInvalid":false},{"id":"4f5ed2ec-8def-4a3c-8e7b-397ea93010e8","code":"Cancel1","name":"取消变更","params":[{"name":"transitionAction","shownName":"状态机动作","value":"Cancel"}],"handlerName":"Cancel","cmpId":"8172a979-2c80-4637-ace7-b13074d3f393","extensions":[],"isInvalid":false},{"id":"c8504c24-33e8-487a-91ce-2218b803fe01","code":"ChangeItem1","name":"切换上一条或下一条1","params":[{"name":"id","shownName":"当前数据标识","value":"{DATA~/#{root-component}/id}"},{"name":"type","shownName":"切换类型(prev|next)","value":"prev"},{"name":"transitionAction","shownName":"状态机动作","value":"Cancel"}],"handlerName":"ChangeItem","cmpId":"8172a979-2c80-4637-ace7-b13074d3f393","extensions":[],"isInvalid":false},{"id":"4a0cfb1a-1262-41a2-aeb9-c8edd5c09683","code":"ChangeItem2","name":"切换上一条或下一条2","params":[{"name":"id","shownName":"当前数据标识","value":"{DATA~/#{root-component}/id}"},{"name":"type","shownName":"切换类型(prev|next)","value":"next"},{"name":"transitionAction","shownName":"状态机动作","value":"Cancel"}],"handlerName":"ChangeItem","cmpId":"8172a979-2c80-4637-ace7-b13074d3f393","extensions":[],"isInvalid":false}],"states":[],"bindTo":"/","enableUnifiedSession":false},{"id":"basic-form-viewmodel","code":"basic-form-viewmodel","name":"图书信息管理","fields":[{"type":"Form","id":"56d54438-6452-487e-a562-8b396d375add","fieldName":"bookid","groupId":null,"groupName":null,"updateOn":"blur"},{"type":"Form","id":"d4be1e84-1599-4e54-a6bc-864277cfe7c7","fieldName":"bookname","groupId":null,"groupName":null,"updateOn":"blur"},{"type":"Form","id":"dd17bbb0-34a8-4a5e-b1e0-1a2f80e58824","fieldName":"bookcategories","groupId":null,"groupName":null,"updateOn":"blur"},{"type":"Form","id":"22364c01-b5c0-4abf-b9b9-f30d3d20e6eb","fieldName":"author","groupId":null,"groupName":null,"updateOn":"blur"},{"type":"Form","id":"dcd5223b-cd2d-4ef3-a31d-db7495b4ff5e","fieldName":"curtstatus","groupId":null,"groupName":null,"updateOn":"change"},{"type":"Form","id":"afe65f29-eafa-46f6-a1da-a1d7beb78e09","fieldName":"chubandate","groupId":null,"groupName":null,"updateOn":"blur"}],"serviceRefs":[],"commands":[],"states":[],"bindTo":"/","parent":"root-viewmodel","enableValidation":true}],"components":[{"id":"root-component","type":"Component","viewModel":"root-viewmodel","componentType":"Frame","onInit":"Load1","contents":[{"id":"root-layout","type":"ContentContainer","appearance":{"class":"f-page f-page-card f-page-is-mainsubcard"},"size":null,"contents":[{"id":"page-header","type":"ContentContainer","appearance":{"class":"f-page-header"},"size":null,"contents":[{"id":"header-nav","type":"ContentContainer","appearance":{"class":"f-page-header-base"},"size":null,"contents":[{"id":"header-title-container","type":"ContentContainer","appearance":{"class":"f-title"},"size":null,"contents":[{"id":"page-header-title","type":"HtmlTemplate","html":"<span class=\"f-title-icon f-text-orna-bill\"><i class=\"f-icon f-icon-page-title-record\"></i></span><h4 class=\"f-title-text\">{{'title'|lang:lang:'图书信息管理'}}</h4><div class=\"f-title-pagination\"><span class=\"f-icon f-icon-arrow-w\" [ngClass]=\"{'f-state-disabled':!viewModel.stateMachine['canEdit']}\" (click)=\"viewModel.stateMachine['canEdit']&&viewModel.ChangeItem1()\"></span><span class=\"f-icon f-icon-arrow-e\" [ngClass]=\"{'f-state-disabled':!viewModel.stateMachine['canEdit']}\" (click)=\"viewModel.stateMachine['canEdit']&&viewModel.ChangeItem2()\"></span></div>"}],"visible":true,"isScrollspyContainer":false},{"id":"page-header-toolbar","type":"ToolBar","appearance":{"class":"col-7 f-toolbar"},"size":null,"items":[{"id":"button-add","type":"ToolBarItem","text":"新增","appearance":{"class":"btn-primary"},"disable":"!viewModel.stateMachine['canAdd']","visible":true,"click":"Add1","items":[],"usageMode":"button","modalConfig":null},{"id":"button-edit","type":"ToolBarItem","text":"编辑","appearance":null,"disable":"!viewModel.stateMachine['canEdit']","visible":true,"click":"Edit1","items":[],"usageMode":"button","modalConfig":null},{"id":"button-save","type":"ToolBarItem","text":"保存","appearance":null,"disable":"!viewModel.stateMachine['canSave']","visible":true,"click":"Save1","items":[],"usageMode":"button","modalConfig":null},{"id":"button-cancel","type":"ToolBarItem","text":"取消","appearance":null,"disable":"!viewModel.stateMachine['canCancel']","visible":true,"click":"Cancel1","items":[],"usageMode":"button","modalConfig":null}],"visible":true,"buttonSize":"default","popDirection":"default"}],"visible":true,"isScrollspyContainer":false}],"visible":true,"isScrollspyContainer":false},{"id":"main-container","type":"ContentContainer","appearance":{"class":"f-page-main"},"size":null,"contents":[{"id":"like-card-container","type":"ContentContainer","appearance":{"class":"f-struct-like-card"},"size":null,"contents":[{"id":"basic-form-component-ref","type":"ComponentRef","component":"basic-form-component","visible":true}],"visible":true,"draggable":false,"isLikeCardContainer":true,"isScrollspyContainer":false}],"visible":true,"isScrollspyContainer":false}],"visible":true,"isScrollspyContainer":false}],"appearance":null,"visible":true,"afterViewInit":null},{"id":"basic-form-component","type":"Component","viewModel":"basic-form-viewmodel","componentType":"table","appearance":{"class":"f-struct-wrapper"},"onInit":"","contents":[{"id":"basic-form-section","type":"Section","appearance":{"class":"f-section-card-table f-section-in-mainsubcard"},"visible":true,"mainTitle":"基本信息","subTitle":"","headerClass":"","titleClass":"","extendedHeaderAreaClass":"","toolbarClass":"","extendedAreaClass":"","contentTemplateClass":"","fill":false,"expanded":true,"enableMaximize":false,"enableAccordion":false,"accordionMode":"default","showHeader":true,"headerTemplate":"","titleTemplate":"","extendedHeaderAreaTemplate":"","toolbarTemplate":"","extendedAreaTemplate":"","contents":[{"id":"basic-form-layout","type":"Form","appearance":{"class":"f-form-layout farris-form f-form-is-table"},"size":null,"contents":[{"id":"basic-table","type":"Table","appearance":{"class":"table table-bordered f-table-has-form"},"size":null,"border":{"width":1,"enableColor":false,"color":"#eaecf3"},"font":{"size":13,"enableColor":false,"color":"#2d2f33","family":"sans-serif"},"rows":[{"id":"1527fb64-67b7-41f0-ae1a-66c4050964b0","type":"TableRow","columns":[{"id":"fadc78c1-abcc-4364-adf7-56a1f8fbea15","type":"TableTd","tdType":"staticText","staticText":{"text":"编号","require":false},"editor":{"type":null,"binding":null},"colspan":1,"rowspan":1,"align":"right","valign":"top","appearance":{"class":"farris-group-wrap--label","style":""},"size":null,"groupId":"9d185753-fc52-442f-b134-79293aede46a"},{"id":"9555281e-f5f5-40a1-9b34-f3c2571f4c76","type":"TableTd","tdType":"editor","staticText":{"text":"","require":false},"editor":{"id":"bookid_56d54438_37p9","type":"TextBox","titleSourceType":"static","title":"编号","appearance":{"class":""},"size":null,"binding":{"type":"Form","path":"bookid","field":"56d54438-6452-487e-a562-8b396d375add","fullPath":"bookid"},"readonly":"!viewModel.stateMachine['editable']","require":false,"disable":false,"placeHolder":"","format":null,"validation":null,"value":null,"maxLength":36,"linkedLabelEnabled":false,"linkedLabelClick":null,"visible":true,"holdPlace":false,"isTextArea":true,"isPassword":false,"tabindex":-1,"hasDefaultFocus":false,"focusState":null,"titleWidth":null,"enableTips":true,"path":"bookid","showInTable":true,"enableAppend":false,"inputAppendType":"button","inputAppendDisabled":false,"formatValidation":{"type":"none","expression":"","message":""},"autoHeight":false,"maxHeight":500,"labelAutoOverflow":false,"updateOn":"blur"},"colspan":2,"rowspan":1,"align":"right","valign":"top","appearance":{"class":"farris-group-wrap--input","style":""},"size":null,"groupId":"9d185753-fc52-442f-b134-79293aede46a"},{"id":"4ea9bf78-adef-4e1a-b396-d2fa43cd2a06","type":"TableTd","tdType":"editor","staticText":{"text":"","require":false},"editor":{"type":null,"binding":null},"colspan":1,"rowspan":1,"align":"right","valign":"top","appearance":{"class":"farris-group-wrap--input","style":""},"size":null,"invisible":true,"markCol":1,"markRow":0,"groupId":"9d185753-fc52-442f-b134-79293aede46a"},{"id":"425f2074-8021-4e17-8cbd-4b9ace2978cd","type":"TableTd","tdType":"staticText","staticText":{"text":"名称","require":false},"editor":{"type":null,"binding":null},"colspan":1,"rowspan":1,"align":"right","valign":"top","appearance":{"class":"farris-group-wrap--label","style":""},"size":null,"groupId":"663884ff-5af5-42d9-8820-e59419f9bbda"},{"id":"4bf346aa-9443-49da-8dfa-2eba807cfc46","type":"TableTd","tdType":"editor","staticText":{"text":"","require":false},"editor":{"id":"bookname_d4be1e84_orrj","type":"TextBox","titleSourceType":"static","title":"名称","appearance":{"class":""},"size":null,"binding":{"type":"Form","path":"bookname","field":"d4be1e84-1599-4e54-a6bc-864277cfe7c7","fullPath":"bookname"},"readonly":"!viewModel.stateMachine['editable']","require":false,"disable":false,"placeHolder":"","format":null,"validation":null,"value":null,"maxLength":36,"linkedLabelEnabled":false,"linkedLabelClick":null,"visible":true,"holdPlace":false,"isTextArea":true,"isPassword":false,"tabindex":-1,"hasDefaultFocus":false,"focusState":null,"titleWidth":null,"enableTips":true,"path":"bookname","showInTable":true,"enableAppend":false,"inputAppendType":"button","inputAppendDisabled":false,"formatValidation":{"type":"none","expression":"","message":""},"autoHeight":false,"maxHeight":500,"labelAutoOverflow":false,"updateOn":"blur"},"colspan":2,"rowspan":1,"align":"right","valign":"top","appearance":{"class":"farris-group-wrap--input","style":""},"size":null,"groupId":"663884ff-5af5-42d9-8820-e59419f9bbda"},{"id":"2f7f88a2-9d2a-4e6c-9fc7-ab35ec6f98d4","type":"TableTd","tdType":"editor","staticText":{"text":"","require":false},"editor":{"type":null,"binding":null},"colspan":1,"rowspan":1,"align":"right","valign":"top","appearance":{"class":"farris-group-wrap--input","style":""},"size":null,"invisible":true,"markCol":1,"markRow":0,"groupId":"663884ff-5af5-42d9-8820-e59419f9bbda"}]},{"id":"2e141683-cfcd-429f-bbfb-5c82a64b9966","type":"TableRow","columns":[{"id":"aa69b6cf-ea95-47c0-b138-87d86d392cd3","type":"TableTd","tdType":"staticText","staticText":{"text":"图书分类","require":false},"editor":{"type":null,"binding":null},"colspan":1,"rowspan":1,"align":"right","valign":"top","appearance":{"class":"farris-group-wrap--label","style":""},"size":null,"groupId":"9e1de7f8-e1c2-4baf-904f-b5858fa2b106"},{"id":"d911975c-03cf-4149-957d-13c8a03cbede","type":"TableTd","tdType":"editor","staticText":{"text":"","require":false},"editor":{"id":"bookcategories_dd17bbb0_rvio","type":"LookupEdit","titleSourceType":"static","title":"图书分类","appearance":{"class":""},"size":null,"binding":{"type":"Form","path":"bookcategories","field":"dd17bbb0-34a8-4a5e-b1e0-1a2f80e58824","fullPath":"bookcategories"},"readonly":"!viewModel.stateMachine['editable']","require":false,"disable":false,"placeHolder":"","dataSource":{"uri":"BookMgr.bookcategories","displayName":"图书分类","idField":"booklbcode","type":"ViewObject"},"textField":"booklbname","valueField":"booklbcode","displayType":"List","multiSelect":false,"pageList":"10,20,30,50","pageSize":20,"pageIndex":null,"pagination":null,"dialogTitle":"","showMaxButton":null,"showCloseButton":null,"resizable":null,"buttonAlign":null,"mapFields":"","lookupStyle":"popup","holdPlace":false,"isTextArea":true,"useTip":false,"useFavorite":true,"noSearch":false,"maxSearchLength":36,"enableToSelect":true,"isRecordSize":false,"lookupPicking":null,"lookupPicked":null,"linkedLabelEnabled":false,"linkedLabelClick":null,"visible":true,"enableExtendLoadMethod":true,"editable":false,"enableFullTree":false,"enableClear":true,"clear":null,"loadTreeDataType":"default","expandLevel":-1,"enableCascade":false,"cascadeStatus":"enable","onShown":null,"onHidden":null,"beforeShow":null,"beforeHide":null,"tabindex":-1,"hasDefaultFocus":false,"focusState":null,"titleWidth":null,"textAlign":"left","useExtendInfo":false,"extInfoFields":null,"extInfoFormatter":null,"customFormatter":null,"customNavFormatter":null,"selectFirstInNav":false,"loadDataWhenOpen":true,"onlySelectLeaf":"default","viewType":"text","autoHeight":false,"maxHeight":500,"autoWidth":true,"showHeader":true,"beforeSelectData":null,"enableAppend":false,"inputAppendType":"button","inputAppendDisabled":false,"enableContextMenu":false,"quickSelect":{"enable":false,"showItemsCount":10,"formatter":null,"showMore":true},"treeToList":false,"navTreeToList":false,"showNavigation":true,"showCascadeControl":true,"linkConfig":{"enable":false,"config":[]},"path":"bookcategories","showInTable":true,"isRTControl":false,"labelAutoOverflow":false,"updateOn":"blur","helpId":"5d0680a9-62d8-4659-9eec-2d0969ab22dd"},"colspan":2,"rowspan":1,"align":"right","valign":"top","appearance":{"class":"farris-group-wrap--input","style":""},"size":null,"groupId":"9e1de7f8-e1c2-4baf-904f-b5858fa2b106"},{"id":"6d0e5278-c0bc-480d-8fb3-7f511738135a","type":"TableTd","tdType":"editor","staticText":{"text":"","require":false},"editor":{"type":null,"binding":null},"colspan":1,"rowspan":1,"align":"right","valign":"top","appearance":{"class":"farris-group-wrap--input","style":""},"size":null,"invisible":true,"markCol":1,"markRow":0,"groupId":"9e1de7f8-e1c2-4baf-904f-b5858fa2b106"},{"id":"a0f0e62a-b29a-460f-8896-400ee0c0a8ce","type":"TableTd","tdType":"staticText","staticText":{"text":"作者","require":false},"editor":{"type":null,"binding":null},"colspan":1,"rowspan":1,"align":"right","valign":"top","appearance":{"class":"farris-group-wrap--label","style":""},"size":null,"groupId":"873f98b9-655d-4403-944a-0497a634d9db"},{"id":"e39be27f-fef6-46b3-8b4c-14b38040dcd3","type":"TableTd","tdType":"editor","staticText":{"text":"","require":false},"editor":{"id":"author_22364c01_feym","type":"TextBox","titleSourceType":"static","title":"作者","appearance":{"class":""},"size":null,"binding":{"type":"Form","path":"author","field":"22364c01-b5c0-4abf-b9b9-f30d3d20e6eb","fullPath":"author"},"readonly":"!viewModel.stateMachine['editable']","require":false,"disable":false,"placeHolder":"","format":null,"validation":null,"value":null,"maxLength":36,"linkedLabelEnabled":false,"linkedLabelClick":null,"visible":true,"holdPlace":false,"isTextArea":true,"isPassword":false,"tabindex":-1,"hasDefaultFocus":false,"focusState":null,"titleWidth":null,"enableTips":true,"path":"author","showInTable":true,"enableAppend":false,"inputAppendType":"button","inputAppendDisabled":false,"formatValidation":{"type":"none","expression":"","message":""},"autoHeight":false,"maxHeight":500},"colspan":2,"rowspan":1,"align":"right","valign":"top","appearance":{"class":"farris-group-wrap--input","style":""},"size":null,"groupId":"873f98b9-655d-4403-944a-0497a634d9db"},{"id":"7f24b589-f727-47a0-92ea-e4beb1be9c89","type":"TableTd","tdType":"editor","staticText":{"text":"","require":false},"editor":{"type":null,"binding":null},"colspan":1,"rowspan":1,"align":"right","valign":"top","appearance":{"class":"farris-group-wrap--input","style":""},"size":null,"invisible":true,"markCol":1,"markRow":0,"groupId":"873f98b9-655d-4403-944a-0497a634d9db"}]},{"id":"341fe36b-c3dd-48f1-b288-b416b82202bb","type":"TableRow","columns":[{"id":"61ed34f9-9d9d-4f56-9e81-0ecec15e4e59","type":"TableTd","tdType":"staticText","staticText":{"text":"目前状态","require":false},"editor":{"type":null,"binding":null},"colspan":1,"rowspan":1,"align":"right","valign":"top","appearance":{"class":"farris-group-wrap--label","style":""},"size":null,"groupId":"04e3057f-72e9-4759-8aa5-3eb961880bd1"},{"id":"86c7cc79-ee03-4855-b631-64ac9f1aa8f3","type":"TableTd","tdType":"editor","staticText":{"text":"","require":false},"editor":{"id":"curtstatus_dcd5223b_8s0r","type":"EnumField","titleSourceType":"static","title":"目前状态","controlSource":"Farris","appearance":{"class":""},"size":null,"binding":{"type":"Form","path":"curtstatus","field":"dcd5223b-cd2d-4ef3-a31d-db7495b4ff5e","fullPath":"Curtstatus"},"placeHolder":"","readonly":"!viewModel.stateMachine['editable']","require":false,"disable":false,"enumData":[{"name":"已借阅","value":"pass"},{"name":"未借阅","value":"none"}],"holdPlace":false,"isTextArea":true,"linkedLabelEnabled":false,"linkedLabelClick":null,"visible":true,"tabindex":-1,"hasDefaultFocus":false,"focusState":null,"titleWidth":null,"idField":"value","textField":"name","multiSelect":false,"uri":"","autoWidth":true,"enableClear":false,"onClear":null,"valueChanged":null,"onShown":null,"onHidden":null,"editable":false,"enableCancelSelected":false,"beforeShow":null,"beforeHide":null,"dataSourceType":"static","path":"curtstatus","showInTable":true,"viewType":"text","noSearch":false,"maxSearchLength":null,"enableAppend":false,"inputAppendType":"button","inputAppendDisabled":false,"autoHeight":false,"maxHeight":500},"colspan":2,"rowspan":1,"align":"right","valign":"top","appearance":{"class":"farris-group-wrap--input","style":""},"size":null,"groupId":"04e3057f-72e9-4759-8aa5-3eb961880bd1"},{"id":"5ad3b776-28db-44d3-91a8-c6390028a1a5","type":"TableTd","tdType":"editor","staticText":{"text":"","require":false},"editor":{"type":null,"binding":null},"colspan":1,"rowspan":1,"align":"right","valign":"top","appearance":{"class":"farris-group-wrap--input","style":""},"size":null,"invisible":true,"markCol":1,"markRow":0,"groupId":"04e3057f-72e9-4759-8aa5-3eb961880bd1"},{"id":"d4533895-cb1a-4880-8c75-b3b9b809f10a","type":"TableTd","tdType":"staticText","staticText":{"text":"出版日期","require":false},"editor":{"type":null,"binding":null},"colspan":1,"rowspan":1,"align":"right","valign":"top","appearance":{"class":"farris-group-wrap--label","style":""},"size":null,"groupId":"a85783a8-3de0-495a-913d-23d471615237"},{"id":"925257ba-4175-4380-b92b-ebb746628102","type":"TableTd","tdType":"editor","staticText":{"text":"","require":false},"editor":{"id":"chubandate_afe65f29_9s5u","type":"DateBox","titleSourceType":"static","title":"出版日期","controlSource":"Farris","appearance":{"class":""},"size":null,"binding":{"type":"Form","path":"chubandate","field":"afe65f29-eafa-46f6-a1da-a1d7beb78e09","fullPath":"chubandate"},"readonly":"!viewModel.stateMachine['editable']","require":false,"disable":false,"placeHolder":"","validation":null,"value":null,"editable":true,"dateRange":false,"showTime":false,"showType":1,"dateFormat":"yyyy-MM-dd","returnFormat":"yyyy-MM-dd","maxValue":null,"minValue":null,"disableDates":[],"showWeekNumbers":false,"dateRangeDatesDelimiter":"~","shortcuts":[],"fieldType":"Date","useDefault":false,"holdPlace":false,"linkedLabelEnabled":false,"linkedLabelClick":null,"visible":true,"isTextArea":true,"tabindex":-1,"hasDefaultFocus":false,"focusState":null,"titleWidth":null,"localization":false,"path":"chubandate","localizationType":"Date","returnType":"String","showInTable":true,"enableAppend":false,"inputAppendType":"button","inputAppendDisabled":false,"autoHeight":false,"maxHeight":500,"hourStep":1,"minuteStep":1,"secondStep":1},"colspan":2,"rowspan":1,"align":"right","valign":"top","appearance":{"class":"farris-group-wrap--input","style":""},"size":null,"groupId":"a85783a8-3de0-495a-913d-23d471615237"},{"id":"795848bf-40d8-4037-90d9-c44b5f0c1272","type":"TableTd","tdType":"editor","staticText":{"text":"","require":false},"editor":{"type":null,"binding":null},"colspan":1,"rowspan":1,"align":"right","valign":"top","appearance":{"class":"farris-group-wrap--input","style":""},"size":null,"invisible":true,"markCol":1,"markRow":0,"groupId":"a85783a8-3de0-495a-913d-23d471615237"}]}],"visible":true,"devMode":"simple"}],"controlsInline":true,"formAutoIntl":true,"visible":true,"labelAutoOverflow":false}],"isScrollSpyItem":false,"toolbar":{"type":"SectionToolbar","position":"inHead","contents":[]}}],"visible":true,"afterViewInit":null}],"webcmds":[{"id":"8172a979-2c80-4637-ace7-b13074d3f393","path":"/projects/packages/Inspur.GS.Gsp.Web.WebCmp/webcmd","name":"CardController.webcmd","refedHandlers":[{"host":"e05264fb-796d-43fb-b83b-9e2f3866c328","handler":"Load"},{"host":"246a275c-88c9-4c8a-aa82-be6a950a4325","handler":"LoadAndAdd"},{"host":"70acc053-fa15-45be-851c-cf694e1bcaf7","handler":"LoadAndView"},{"host":"3e72ee6f-8f7b-4f29-aa0e-5887f2861117","handler":"LoadAndEdit"},{"host":"f90aadfa-988c-4da5-a5db-1416c3333794","handler":"Add"},{"host":"a323e27b-b9c6-4848-93b9-f117403a94ff","handler":"Edit"},{"host":"31b814db-01e4-407d-8fad-0f08dbb01999","handler":"Save"},{"host":"4f5ed2ec-8def-4a3c-8e7b-397ea93010e8","handler":"Cancel"},{"host":"c8504c24-33e8-487a-91ce-2218b803fe01","handler":"ChangeItem"},{"host":"4a0cfb1a-1262-41a2-aeb9-c8edd5c09683","handler":"ChangeItem"}],"code":"CardController","nameSpace":"Inspur.GS.Gsp.Web.WebCmp"}],"serviceRefs":[],"projectName":"bo-bookmgr-front","showType":"page","toolbar":{"items":{},"configs":{}},"declarations":{"events":[],"commands":[],"states":[]},"subscriptions":[],"extraImports":[],"expressions":[],"metadataId":"603fe355-49b4-439f-b63f-d3ea7ffd3304","actions":[{"sourceComponent":{"id":"button-add","viewModelId":"root-viewmodel","map":[{"event":{"label":"click","name":"点击事件"},"targetComponent":{"id":"root-component","viewModelId":"root-viewmodel"},"command":{"id":"f90aadfa-988c-4da5-a5db-1416c3333794","label":"Add1","name":"新增一条数据","handlerName":"Add","params":[{"name":"transitionAction","shownName":"状态机动作","value":"Create"}],"cmpId":"8172a979-2c80-4637-ace7-b13074d3f393","isNewGenerated":false,"isInvalid":false},"controller":{"id":"8172a979-2c80-4637-ace7-b13074d3f393","label":"CardController","name":"卡片控制器"}}]}},{"sourceComponent":{"id":"button-edit","viewModelId":"root-viewmodel","map":[{"event":{"label":"click","name":"点击事件"},"targetComponent":{"id":"root-component","viewModelId":"root-viewmodel"},"command":{"id":"a323e27b-b9c6-4848-93b9-f117403a94ff","label":"Edit1","name":"编辑当前数据","handlerName":"Edit","params":[{"name":"transitionAction","shownName":"状态机动作","value":"Edit"}],"cmpId":"8172a979-2c80-4637-ace7-b13074d3f393","isNewGenerated":false,"isInvalid":false},"controller":{"id":"8172a979-2c80-4637-ace7-b13074d3f393","label":"CardController","name":"卡片控制器"}}]}},{"sourceComponent":{"id":"button-save","viewModelId":"root-viewmodel","map":[{"event":{"label":"click","name":"点击事件"},"targetComponent":{"id":"root-component","viewModelId":"root-viewmodel"},"command":{"id":"31b814db-01e4-407d-8fad-0f08dbb01999","label":"Save1","name":"保存变更","handlerName":"Save","params":[{"name":"transitionAction","shownName":"状态机动作","value":"Cancel"}],"cmpId":"8172a979-2c80-4637-ace7-b13074d3f393","isNewGenerated":false,"isInvalid":false},"controller":{"id":"8172a979-2c80-4637-ace7-b13074d3f393","label":"CardController","name":"卡片控制器"}}]}},{"sourceComponent":{"id":"button-cancel","viewModelId":"root-viewmodel","map":[{"event":{"label":"click","name":"点击事件"},"targetComponent":{"id":"root-component","viewModelId":"root-viewmodel"},"command":{"id":"4f5ed2ec-8def-4a3c-8e7b-397ea93010e8","label":"Cancel1","name":"取消变更","handlerName":"Cancel","params":[{"name":"transitionAction","shownName":"状态机动作","value":"Cancel"}],"cmpId":"8172a979-2c80-4637-ace7-b13074d3f393","isNewGenerated":false,"isInvalid":false},"controller":{"id":"8172a979-2c80-4637-ace7-b13074d3f393","label":"CardController","name":"卡片控制器"}}]}},{"sourceComponent":{"id":"root-component","viewModelId":"root-viewmodel","map":[{"event":{"label":"onInit","name":"初始化事件"},"targetComponent":{"id":"root-component","viewModelId":"root-viewmodel"},"command":{"id":"e05264fb-796d-43fb-b83b-9e2f3866c328","label":"Load1","name":"执行加载页面后初始方法","handlerName":"Load","params":[{"name":"action","shownName":"初始方法","value":"{UISTATE~/#{root-component}/action}"}],"cmpId":"8172a979-2c80-4637-ace7-b13074d3f393","isNewGenerated":false,"isInvalid":false},"controller":{"id":"8172a979-2c80-4637-ace7-b13074d3f393","label":"CardController","name":"卡片控制器"}}]}}],"customClass":{"root-component":"","basic-form-component":""}},"options":{"enableTextArea":true,"renderMode":"compile","enableDeleteSourceCode":true,"changeSetPolicy":"valid","enableServerSideChangeDetection":false}}