{"TextBox/bookcategories_6f3c0067_7ngs/placeHolder":{"name":""},"root-component":{"name":""},"root-layout":{"name":""},"page-header":{"name":""},"header-nav":{"name":""},"header-title-container":{"name":""},"page-header-title":{"name":""},"title":{"name":"图书信息管理"},"page-header-toolbar":{"name":""},"button-add":{"name":"新增"},"button-edit":{"name":"编辑"},"button-save":{"name":"保存"},"button-cancel":{"name":"取消"},"button-approve":{"name":"提交审批"},"button-cancel-approve":{"name":"取消提交审批"},"main-container":{"name":""},"like-card-container":{"name":""},"basic-form-component-ref":{"name":""},"basic-form-component":{"name":""},"basic-form-section":{"name":""},"Section/basic-form-section/mainTitle":{"name":"基本信息"},"Section/basic-form-section/subTitle":{"name":""},"basic-form-layout":{"name":""},"bookname_b36c677f_z1uy":{"name":"名称"},"TextBox/bookname_b36c677f_z1uy/placeHolder":{"name":""},"bookcategories_6f3c0067_7ngs":{"name":"图书分类"},"LookupEdit/bookcategories_6f3c0067_7ngs/placeHolder":{"name":""},"LookupEdit/bookcategories_6f3c0067_7ngs/dialogTitle":{"name":""},"author_3bfe07ea_nfoj":{"name":"作者"},"TextBox/author_3bfe07ea_nfoj/placeHolder":{"name":""},"status_f6cfdbfc_9jxc":{"name":"目前状态"},"EnumField/status_f6cfdbfc_9jxc/placeHolder":{"name":""},"EnumField/status_f6cfdbfc_9jxc/enumData/pass":{"name":"已借阅"},"EnumField/status_f6cfdbfc_9jxc/enumData/none":{"name":"未借阅"},"chubandate_36058630_x5jj":{"name":"出版日期"},"DateBox/chubandate_36058630_x5jj/placeHolder":{"name":""}}