[{"Code":"TSXX_frm","Name":"图书信息管理_frm","Id":"97358d32-7f7a-4186-8d00-8d955c097b04","Version":"1.0","Description":"图书信息管理_frm服务","BizObject":"9fa1bcea-9b14-0f20-97cb-1da98708c7d0","CriticalApplication":"bookmanagement","ServiceUnit":"gly","RouteUrl":"tsxx_frm","Service":{"Id":"b7ddd8b8-5d04-4470-bfc6-f318bd5c3b35","ResourceId":"52d3c5f4-bc43-4f0a-978f-7985efab544f","ResourceType":"VO","ResourceCode":"com.inspur.gs.bookmanagement.gly.bookmgr.bookmgr.front.vo.TSXX_frm","ResourceName":"图书信息管理_frm","ResourceNameSpace":"Inspur.GS.bookmanagement.GLY.BookMgr.BookMgr.Front","ResourcePath":null,"ResourceFileName":null,"Operations":[{"Id":"52d3c5f4-bc43-4f0a-978f-7985efab544f&^^&CreateSession","Code":"CreateSession","Name":"创建业务上下文","Description":"在调用该服务其他操作前，应该首先调用该操作创建业务上下文。在业务上下文存在期间，所有通过该服务修改的数据均被锁定，其他业务上下文无法修改。","HttpMethod":"POST","Template":"service/createsession","Parameters":[{"Id":"52d3c5f4-bc43-4f0a-978f-7985efab544f&^^&CreateSessionParam","Code":"sessionId","Name":"sessionId","Description":"功能sessionId","ModelId":"string","ModelCode":null,"ModelName":"string","RefId":null,"RefCode":null,"RefName":null,"RefPath":null,"RefFileName":null,"ModelType":0,"In":"","IsRequired":true,"ListDeepth":0,"isCollection":false,"isRetVal":true,"isBasicType":true}],"ResourceOpId":"52d3c5f4-bc43-4f0a-978f-7985efab544f&^^&CreateSession","Transaction":false,"AssemblyInfo":null,"Extend1":"Basic","Extend2":null,"isDeprecated":false},{"Id":"52d3c5f4-bc43-4f0a-978f-7985efab544f&^^&CloseSession","Code":"CloseSession","Name":"关闭业务上下文","Description":"在调用该服务的其他操作完成业务功能后，应该调用该操作关闭业务上下文，否则该业务上下文内修改的数据将保持锁定状态，无法被其他用户修改。","HttpMethod":"POST","Template":"service/closesession","Parameters":null,"ResourceOpId":"52d3c5f4-bc43-4f0a-978f-7985efab544f&^^&CloseSession","Transaction":false,"AssemblyInfo":null,"Extend1":"Basic","Extend2":null,"isDeprecated":false},{"Id":"52d3c5f4-bc43-4f0a-978f-7985efab544f&^^&Create","Code":"Create","Name":"新增图书信息管理","Description":"新增图书信息管理，可指定字段初始值。","HttpMethod":"POST","Template":"","Parameters":[{"Id":"52d3c5f4-bc43-4f0a-978f-7985efab544f&^^&RequestInfo","Code":"requestInfo","Name":"请求信息","Description":"请求信息","ModelId":"52d3c5f4-bc43-4f0a-978f-7985efab544f&^^&RequestInfo","ModelCode":"RequestInfo","ModelName":"RequestInfo","RefId":"52d3c5f4-bc43-4f0a-978f-7985efab544f&^^&RequestInfo","RefCode":"RequestInfo","RefName":"RequestInfo","RefPath":null,"RefFileName":null,"ModelType":1,"In":"Body","IsRequired":false,"ListDeepth":0,"isCollection":false,"isRetVal":false,"isBasicType":false},{"Id":"52d3c5f4-bc43-4f0a-978f-7985efab544f&^^&defaultValue","Code":"defaultValue","Name":"默认值","Description":"默认值","ModelId":"52d3c5f4-bc43-4f0a-978f-7985efab544f&^^&DefaultValue","ModelCode":"DefaultValue","ModelName":"DefaultValue","RefId":"52d3c5f4-bc43-4f0a-978f-7985efab544f&^^&DefaultValue","RefCode":"DefaultValue","RefName":"DefaultValue","RefPath":null,"RefFileName":null,"ModelType":1,"In":"Body","IsRequired":false,"ListDeepth":0,"isCollection":false,"isRetVal":false,"isBasicType":false},{"Id":"52d3c5f4-bc43-4f0a-978f-7985efab544f&^^&ResponseInfo","Code":"responseInfo","Name":"响应信息","Description":"响应信息","ModelId":"52d3c5f4-bc43-4f0a-978f-7985efab544f&^^&ResponseInfo","ModelCode":"ResponseInfo","ModelName":"ResponseInfo","RefId":"52d3c5f4-bc43-4f0a-978f-7985efab544f&^^&ResponseInfo","RefCode":"ResponseInfo","RefName":"ResponseInfo","RefPath":null,"RefFileName":null,"ModelType":1,"In":"","IsRequired":true,"ListDeepth":0,"isCollection":false,"isRetVal":true,"isBasicType":false}],"ResourceOpId":"52d3c5f4-bc43-4f0a-978f-7985efab544f&^^&Create","Transaction":false,"AssemblyInfo":null,"Extend1":"Basic","Extend2":null,"isDeprecated":false},{"Id":"52d3c5f4-bc43-4f0a-978f-7985efab544f&^^&BatchCreate","Code":"BatchCreate","Name":"批量新增图书信息管理","Description":"批量新增图书信息管理，可指定字段初始值。","HttpMethod":"POST","Template":"/batch","Parameters":[{"Id":"52d3c5f4-bc43-4f0a-978f-7985efab544f&^^&RequestInfo","Code":"requestInfo","Name":"请求信息","Description":"请求信息","ModelId":"52d3c5f4-bc43-4f0a-978f-7985efab544f&^^&RequestInfo","ModelCode":"RequestInfo","ModelName":"RequestInfo","RefId":"52d3c5f4-bc43-4f0a-978f-7985efab544f&^^&RequestInfo","RefCode":"RequestInfo","RefName":"RequestInfo","RefPath":null,"RefFileName":null,"ModelType":1,"In":"Body","IsRequired":true,"ListDeepth":0,"isCollection":false,"isRetVal":false,"isBasicType":false},{"Id":"52d3c5f4-bc43-4f0a-978f-7985efab544f&^^&retrieveDefaultParam","Code":"retrieveDefaultParam","Name":"默认值","Description":"默认值","ModelId":"52d3c5f4-bc43-4f0a-978f-7985efab544f&^^&RetrieveDefaultParam","ModelCode":"RetrieveDefaultParam","ModelName":"RetrieveDefaultParam","RefId":"52d3c5f4-bc43-4f0a-978f-7985efab544f&^^&RetrieveDefaultParam","RefCode":"RetrieveDefaultParam","RefName":"RetrieveDefaultParam","RefPath":null,"RefFileName":null,"ModelType":1,"In":"Body","IsRequired":false,"ListDeepth":0,"isCollection":false,"isRetVal":false,"isBasicType":false},{"Id":"52d3c5f4-bc43-4f0a-978f-7985efab544f&^^&ResponseInfo","Code":"responseInfo","Name":"响应信息","Description":"响应信息","ModelId":"52d3c5f4-bc43-4f0a-978f-7985efab544f&^^&ResponseInfo","ModelCode":"ResponseInfo","ModelName":"ResponseInfo","RefId":"52d3c5f4-bc43-4f0a-978f-7985efab544f&^^&ResponseInfo","RefCode":"ResponseInfo","RefName":"ResponseInfo","RefPath":null,"RefFileName":null,"ModelType":1,"In":"","IsRequired":true,"ListDeepth":0,"isCollection":false,"isRetVal":true,"isBasicType":false}],"ResourceOpId":"52d3c5f4-bc43-4f0a-978f-7985efab544f&^^&BatchCreate","Transaction":false,"AssemblyInfo":null,"Extend1":"Basic","Extend2":null,"isDeprecated":false},{"Id":"52d3c5f4-bc43-4f0a-978f-7985efab544f&^^&Edit","Code":"Edit","Name":"编辑图书信息管理","Description":"编辑指定的图书信息管理，此操作会锁定相应的图书信息管理数据。该操作成功后，其他用户不能修改该数据，直到调用”保存“或”取消“操作。","HttpMethod":"PUT","Template":"/service/edit/{dataId}","Parameters":[{"Id":"52d3c5f4-bc43-4f0a-978f-7985efab544f&^^&RequestInfo","Code":"requestInfo","Name":"请求信息","Description":"请求信息","ModelId":"52d3c5f4-bc43-4f0a-978f-7985efab544f&^^&RequestInfo","ModelCode":"RequestInfo","ModelName":"RequestInfo","RefId":"52d3c5f4-bc43-4f0a-978f-7985efab544f&^^&RequestInfo","RefCode":"RequestInfo","RefName":"RequestInfo","RefPath":null,"RefFileName":null,"ModelType":1,"In":"Body","IsRequired":false,"ListDeepth":0,"isCollection":false,"isRetVal":false,"isBasicType":false},{"Id":"52d3c5f4-bc43-4f0a-978f-7985efab544f&^^&RetrieveParam","Code":"dataId","Name":"单据内码","Description":"单据内码","ModelId":"string","ModelCode":null,"ModelName":"string","RefId":null,"RefCode":null,"RefName":null,"RefPath":null,"RefFileName":null,"ModelType":0,"In":"Path","IsRequired":true,"ListDeepth":0,"isCollection":false,"isRetVal":false,"isBasicType":true},{"Id":"52d3c5f4-bc43-4f0a-978f-7985efab544f&^^&ResponseInfo","Code":"responseInfo","Name":"响应信息","Description":"响应信息","ModelId":"52d3c5f4-bc43-4f0a-978f-7985efab544f&^^&ResponseInfo","ModelCode":"ResponseInfo","ModelName":"ResponseInfo","RefId":"52d3c5f4-bc43-4f0a-978f-7985efab544f&^^&ResponseInfo","RefCode":"ResponseInfo","RefName":"ResponseInfo","RefPath":null,"RefFileName":null,"ModelType":1,"In":"","IsRequired":true,"ListDeepth":0,"isCollection":false,"isRetVal":true,"isBasicType":false}],"ResourceOpId":"52d3c5f4-bc43-4f0a-978f-7985efab544f&^^&Edit","Transaction":false,"AssemblyInfo":null,"Extend1":"Basic","Extend2":null,"isDeprecated":false},{"Id":"52d3c5f4-bc43-4f0a-978f-7985efab544f&^^&Delete","Code":"Delete","Name":"删除图书信息管理","Description":"删除指定的图书信息管理，该操作仅在当前业务上下文中删除，并不会持久化到数据库。后续需调用”保存“操作进行持久化，如需要立即持久化，请调用”删除图书信息管理并保存“操作。","HttpMethod":"DELETE","Template":"/{dataId}","Parameters":[{"Id":"52d3c5f4-bc43-4f0a-978f-7985efab544f&^^&DeleteParam","Code":"dataId","Name":"单据内码","Description":"单据内码","ModelId":"string","ModelCode":null,"ModelName":"string","RefId":null,"RefCode":null,"RefName":null,"RefPath":null,"RefFileName":null,"ModelType":0,"In":"Path","IsRequired":true,"ListDeepth":0,"isCollection":false,"isRetVal":false,"isBasicType":true}],"ResourceOpId":"52d3c5f4-bc43-4f0a-978f-7985efab544f&^^&Delete","Transaction":false,"AssemblyInfo":null,"Extend1":"Basic","Extend2":null,"isDeprecated":false},{"Id":"52d3c5f4-bc43-4f0a-978f-7985efab544f&^^&DeleteAndSave","Code":"DeleteAndSave","Name":"删除图书信息管理并保存","Description":"删除指定的图书信息管理，并持久化到数据库。","HttpMethod":"PUT","Template":"/service/delete/{dataId}","Parameters":[{"Id":"52d3c5f4-bc43-4f0a-978f-7985efab544f&^^&RequestInfo","Code":"requestInfo","Name":"请求信息","Description":"请求信息","ModelId":"52d3c5f4-bc43-4f0a-978f-7985efab544f&^^&RequestInfo","ModelCode":"RequestInfo","ModelName":"RequestInfo","RefId":"52d3c5f4-bc43-4f0a-978f-7985efab544f&^^&RequestInfo","RefCode":"RequestInfo","RefName":"RequestInfo","RefPath":null,"RefFileName":null,"ModelType":1,"In":"Body","IsRequired":false,"ListDeepth":0,"isCollection":false,"isRetVal":false,"isBasicType":false},{"Id":"52d3c5f4-bc43-4f0a-978f-7985efab544f&^^&DeleteParam","Code":"dataId","Name":"单据内码","Description":"单据内码","ModelId":"string","ModelCode":null,"ModelName":"string","RefId":null,"RefCode":null,"RefName":null,"RefPath":null,"RefFileName":null,"ModelType":0,"In":"Path","IsRequired":true,"ListDeepth":0,"isCollection":false,"isRetVal":false,"isBasicType":true},{"Id":"52d3c5f4-bc43-4f0a-978f-7985efab544f&^^&ResponseInfo","Code":"responseInfo","Name":"响应信息","Description":"响应信息","ModelId":"52d3c5f4-bc43-4f0a-978f-7985efab544f&^^&ResponseInfo","ModelCode":"ResponseInfo","ModelName":"ResponseInfo","RefId":"52d3c5f4-bc43-4f0a-978f-7985efab544f&^^&ResponseInfo","RefCode":"ResponseInfo","RefName":"ResponseInfo","RefPath":null,"RefFileName":null,"ModelType":1,"In":"","IsRequired":true,"ListDeepth":0,"isCollection":false,"isRetVal":true,"isBasicType":false}],"ResourceOpId":"52d3c5f4-bc43-4f0a-978f-7985efab544f&^^&DeleteAndSave","Transaction":false,"AssemblyInfo":null,"Extend1":"Basic","Extend2":null,"isDeprecated":false},{"Id":"52d3c5f4-bc43-4f0a-978f-7985efab544f&^^&BatchDelete","Code":"BatchDelete","Name":"批量删除图书信息管理","Description":"批量删除指定的图书信息管理，该操作仅在当前业务上下文中删除，并不会持久化到数据库。后续需调用”保存“操作进行持久化，如需要立即持久化，请调用”批量删除图书信息管理并保存“操作。","HttpMethod":"DELETE","Template":"","Parameters":[{"Id":"52d3c5f4-bc43-4f0a-978f-7985efab544f&^^&BatchDeleteParam","Code":"ids","Name":"单据内码列表","Description":"单据内码列表","ModelId":"string","ModelCode":null,"ModelName":"string","RefId":null,"RefCode":null,"RefName":null,"RefPath":null,"RefFileName":null,"ModelType":0,"In":"Query","IsRequired":true,"ListDeepth":0,"isCollection":false,"isRetVal":false,"isBasicType":true}],"ResourceOpId":"52d3c5f4-bc43-4f0a-978f-7985efab544f&^^&BatchDelete","Transaction":false,"AssemblyInfo":null,"Extend1":"Basic","Extend2":null,"isDeprecated":true},{"Id":"52d3c5f4-bc43-4f0a-978f-7985efab544f&^^&BatchDeleteAndSave","Code":"BatchDeleteAndSave","Name":"批量删除图书信息管理并保存","Description":"批量删除指定的图书信息管理，并持久化到数据库。","HttpMethod":"POST","Template":"/batchdeleteandsave","Parameters":[{"Id":"52d3c5f4-bc43-4f0a-978f-7985efab544f&^^&RequestInfo","Code":"requestInfo","Name":"请求信息","Description":"请求信息","ModelId":"52d3c5f4-bc43-4f0a-978f-7985efab544f&^^&RequestInfo","ModelCode":"RequestInfo","ModelName":"RequestInfo","RefId":"52d3c5f4-bc43-4f0a-978f-7985efab544f&^^&RequestInfo","RefCode":"RequestInfo","RefName":"RequestInfo","RefPath":null,"RefFileName":null,"ModelType":1,"In":"Body","IsRequired":false,"ListDeepth":0,"isCollection":false,"isRetVal":false,"isBasicType":false},{"Id":"52d3c5f4-bc43-4f0a-978f-7985efab544f&^^&IdsParam","Code":"ids","Name":"单据内码列表","Description":"批量删除的单据内码列表","ModelId":"string","ModelCode":null,"ModelName":"string","RefId":null,"RefCode":null,"RefName":null,"RefPath":null,"RefFileName":null,"ModelType":0,"In":"Body","IsRequired":true,"ListDeepth":1,"isCollection":true,"isRetVal":false,"isBasicType":true},{"Id":"52d3c5f4-bc43-4f0a-978f-7985efab544f&^^&ResponseInfo","Code":"responseInfo","Name":"响应信息","Description":"响应信息","ModelId":"52d3c5f4-bc43-4f0a-978f-7985efab544f&^^&ResponseInfo","ModelCode":"ResponseInfo","ModelName":"ResponseInfo","RefId":"52d3c5f4-bc43-4f0a-978f-7985efab544f&^^&ResponseInfo","RefCode":"ResponseInfo","RefName":"ResponseInfo","RefPath":null,"RefFileName":null,"ModelType":1,"In":"","IsRequired":true,"ListDeepth":0,"isCollection":false,"isRetVal":true,"isBasicType":false}],"ResourceOpId":"52d3c5f4-bc43-4f0a-978f-7985efab544f&^^&BatchDeleteAndSave","Transaction":false,"AssemblyInfo":null,"Extend1":"Basic","Extend2":null,"isDeprecated":false},{"Id":"52d3c5f4-bc43-4f0a-978f-7985efab544f&^^&Update","Code":"Update","Name":"更新图书信息管理","Description":"通过变更集更新图书信息管理。","HttpMethod":"PATCH","Template":"","Parameters":[{"Id":"52d3c5f4-bc43-4f0a-978f-7985efab544f&^^&RequestInfo","Code":"requestInfo","Name":"请求信息","Description":"请求信息","ModelId":"52d3c5f4-bc43-4f0a-978f-7985efab544f&^^&RequestInfo","ModelCode":"RequestInfo","ModelName":"RequestInfo","RefId":"52d3c5f4-bc43-4f0a-978f-7985efab544f&^^&RequestInfo","RefCode":"RequestInfo","RefName":"RequestInfo","RefPath":null,"RefFileName":null,"ModelType":1,"In":"Body","IsRequired":false,"ListDeepth":0,"isCollection":false,"isRetVal":false,"isBasicType":false},{"Id":"52d3c5f4-bc43-4f0a-978f-7985efab544f&^^&UpdateParam","Code":"changeDetail","Name":"数据变更集","Description":"数据变更集","ModelId":"52d3c5f4-bc43-4f0a-978f-7985efab544f&^^&ChangeDetail","ModelCode":"ChangeDetail","ModelName":"ChangeDetail","RefId":"52d3c5f4-bc43-4f0a-978f-7985efab544f&^^&ChangeDetail","RefCode":"ChangeDetail","RefName":"ChangeDetail","RefPath":null,"RefFileName":null,"ModelType":1,"In":"Body","IsRequired":true,"ListDeepth":0,"isCollection":false,"isRetVal":false,"isBasicType":false},{"Id":"52d3c5f4-bc43-4f0a-978f-7985efab544f&^^&ResponseInfo","Code":"responseInfo","Name":"响应信息","Description":"响应信息","ModelId":"52d3c5f4-bc43-4f0a-978f-7985efab544f&^^&ResponseInfo","ModelCode":"ResponseInfo","ModelName":"ResponseInfo","RefId":"52d3c5f4-bc43-4f0a-978f-7985efab544f&^^&ResponseInfo","RefCode":"ResponseInfo","RefName":"ResponseInfo","RefPath":null,"RefFileName":null,"ModelType":1,"In":"","IsRequired":true,"ListDeepth":0,"isCollection":false,"isRetVal":true,"isBasicType":false}],"ResourceOpId":"52d3c5f4-bc43-4f0a-978f-7985efab544f&^^&Update","Transaction":false,"AssemblyInfo":null,"Extend1":"Basic","Extend2":null,"isDeprecated":false},{"Id":"52d3c5f4-bc43-4f0a-978f-7985efab544f&^^&Retrieve","Code":"Retrieve","Name":"检索图书信息管理","Description":"检索指定的图书信息管理，返回结果中包含图书信息管理的所有子表数据。","HttpMethod":"GET","Template":"/{dataId}","Parameters":[{"Id":"52d3c5f4-bc43-4f0a-978f-7985efab544f&^^&RetrieveParam","Code":"dataId","Name":"单据内码","Description":"单据内码","ModelId":"string","ModelCode":null,"ModelName":"string","RefId":null,"RefCode":null,"RefName":null,"RefPath":null,"RefFileName":null,"ModelType":0,"In":"Path","IsRequired":true,"ListDeepth":0,"isCollection":false,"isRetVal":false,"isBasicType":true},{"Id":"52d3c5f4-bc43-4f0a-978f-7985efab544f&^^&RetrieveParam1","Code":"BookMgr","Name":"图书信息管理","Description":"实体模型","ModelId":"52d3c5f4-bc43-4f0a-978f-7985efab544f","ModelCode":"TSXX_frm","ModelName":"图书信息管理_frm","RefId":"23265eda-407b-49cb-95ec-8b2e497a085f","RefCode":"BookMgr","RefName":"图书信息管理","RefPath":null,"RefFileName":null,"ModelType":0,"In":"","IsRequired":true,"ListDeepth":0,"isCollection":false,"isRetVal":true,"isBasicType":false}],"ResourceOpId":"52d3c5f4-bc43-4f0a-978f-7985efab544f&^^&Retrieve","Transaction":false,"AssemblyInfo":null,"Extend1":"Basic","Extend2":null,"isDeprecated":false},{"Id":"52d3c5f4-bc43-4f0a-978f-7985efab544f&^^&RetrieveWithChildPagination","Code":"RetrieveWithChildPagination","Name":"检索图书信息管理（支持子表分页）","Description":"检索指定的图书信息管理，可对指定子表进行分页。","HttpMethod":"PUT","Template":"/service/retrieve/{dataId}","Parameters":[{"Id":"52d3c5f4-bc43-4f0a-978f-7985efab544f&^^&RequestInfo","Code":"requestInfo","Name":"请求信息","Description":"请求信息","ModelId":"52d3c5f4-bc43-4f0a-978f-7985efab544f&^^&RequestInfo","ModelCode":"RequestInfo","ModelName":"RequestInfo","RefId":"52d3c5f4-bc43-4f0a-978f-7985efab544f&^^&RequestInfo","RefCode":"RequestInfo","RefName":"RequestInfo","RefPath":null,"RefFileName":null,"ModelType":1,"In":"Body","IsRequired":false,"ListDeepth":0,"isCollection":false,"isRetVal":false,"isBasicType":false},{"Id":"52d3c5f4-bc43-4f0a-978f-7985efab544f&^^&dataId","Code":"dataId","Name":"单据内码","Description":"单据内码","ModelId":"string","ModelCode":null,"ModelName":"string","RefId":null,"RefCode":null,"RefName":null,"RefPath":null,"RefFileName":null,"ModelType":0,"In":"Path","IsRequired":true,"ListDeepth":0,"isCollection":false,"isRetVal":false,"isBasicType":true},{"Id":"52d3c5f4-bc43-4f0a-978f-7985efab544f&^^&retrieveParam","Code":"retrieveParam","Name":"查询参数","Description":"查询参数","ModelId":"52d3c5f4-bc43-4f0a-978f-7985efab544f&^^&RetrieveParam","ModelCode":"RetrieveParam","ModelName":"RetrieveParam","RefId":"52d3c5f4-bc43-4f0a-978f-7985efab544f&^^&RetrieveParam","RefCode":"RetrieveParam","RefName":"RetrieveParam","RefPath":null,"RefFileName":null,"ModelType":1,"In":"Body","IsRequired":true,"ListDeepth":0,"isCollection":false,"isRetVal":false,"isBasicType":false},{"Id":"52d3c5f4-bc43-4f0a-978f-7985efab544f&^^&ResponseInfo","Code":"responseInfo","Name":"响应信息","Description":"响应信息","ModelId":"52d3c5f4-bc43-4f0a-978f-7985efab544f&^^&ResponseInfo","ModelCode":"ResponseInfo","ModelName":"ResponseInfo","RefId":"52d3c5f4-bc43-4f0a-978f-7985efab544f&^^&ResponseInfo","RefCode":"ResponseInfo","RefName":"ResponseInfo","RefPath":null,"RefFileName":null,"ModelType":1,"In":"","IsRequired":true,"ListDeepth":0,"isCollection":false,"isRetVal":true,"isBasicType":false}],"ResourceOpId":"52d3c5f4-bc43-4f0a-978f-7985efab544f&^^&RetrieveWithChildPagination","Transaction":false,"AssemblyInfo":null,"Extend1":"Basic","Extend2":null,"isDeprecated":false},{"Id":"52d3c5f4-bc43-4f0a-978f-7985efab544f&^^&QueryChild","Code":"QueryChild","Name":"查询图书信息管理特定子表的数据","Description":"查询指定的图书信息管理下特定子表的数据。可对指定子表进行过滤、排序、分页。","HttpMethod":"PUT","Template":"/service/querychild","Parameters":[{"Id":"52d3c5f4-bc43-4f0a-978f-7985efab544f&^^&RequestInfo","Code":"requestInfo","Name":"请求信息","Description":"请求信息","ModelId":"52d3c5f4-bc43-4f0a-978f-7985efab544f&^^&RequestInfo","ModelCode":"RequestInfo","ModelName":"RequestInfo","RefId":"52d3c5f4-bc43-4f0a-978f-7985efab544f&^^&RequestInfo","RefCode":"RequestInfo","RefName":"RequestInfo","RefPath":null,"RefFileName":null,"ModelType":1,"In":"Body","IsRequired":false,"ListDeepth":0,"isCollection":false,"isRetVal":false,"isBasicType":false},{"Id":"52d3c5f4-bc43-4f0a-978f-7985efab544f&^^&nodeCodes","Code":"nodeCodes","Name":"节点编号列表","Description":"节点编号列表","ModelId":"string","ModelCode":null,"ModelName":"string","RefId":null,"RefCode":null,"RefName":null,"RefPath":null,"RefFileName":null,"ModelType":0,"In":"Body","IsRequired":true,"ListDeepth":1,"isCollection":true,"isRetVal":false,"isBasicType":true},{"Id":"52d3c5f4-bc43-4f0a-978f-7985efab544f&^^&ids","Code":"ids","Name":"内码列表","Description":"内码列表","ModelId":"string","ModelCode":null,"ModelName":"string","RefId":null,"RefCode":null,"RefName":null,"RefPath":null,"RefFileName":null,"ModelType":0,"In":"Body","IsRequired":true,"ListDeepth":1,"isCollection":true,"isRetVal":false,"isBasicType":true},{"Id":"52d3c5f4-bc43-4f0a-978f-7985efab544f&^^&pagination","Code":"pagination","Name":"分页信息","Description":"分页信息","ModelId":"52d3c5f4-bc43-4f0a-978f-7985efab544f&^^&Pagination","ModelCode":"Pagination","ModelName":"Pagination","RefId":"52d3c5f4-bc43-4f0a-978f-7985efab544f&^^&Pagination","RefCode":"Pagination","RefName":"Pagination","RefPath":null,"RefFileName":null,"ModelType":1,"In":"Body","IsRequired":true,"ListDeepth":0,"isCollection":false,"isRetVal":false,"isBasicType":false},{"Id":"52d3c5f4-bc43-4f0a-978f-7985efab544f&^^&ResponseInfo","Code":"responseInfo","Name":"响应信息","Description":"响应信息","ModelId":"52d3c5f4-bc43-4f0a-978f-7985efab544f&^^&ResponseInfo","ModelCode":"ResponseInfo","ModelName":"ResponseInfo","RefId":"52d3c5f4-bc43-4f0a-978f-7985efab544f&^^&ResponseInfo","RefCode":"ResponseInfo","RefName":"ResponseInfo","RefPath":null,"RefFileName":null,"ModelType":1,"In":"","IsRequired":true,"ListDeepth":0,"isCollection":false,"isRetVal":true,"isBasicType":false}],"ResourceOpId":"52d3c5f4-bc43-4f0a-978f-7985efab544f&^^&QueryChild","Transaction":false,"AssemblyInfo":null,"Extend1":"Basic","Extend2":null,"isDeprecated":false},{"Id":"52d3c5f4-bc43-4f0a-978f-7985efab544f&^^&Query","Code":"Query","Name":"查询图书信息管理","Description":"查询图书信息管理，可指定查询过滤条件、排序字段、设置分页。","HttpMethod":"GET","Template":"","Parameters":[{"Id":"52d3c5f4-bc43-4f0a-978f-7985efab544f&^^&EntityFilterParam","Code":"entityFilter","Name":"过滤条件","Description":"过滤条件","ModelId":"string","ModelCode":null,"ModelName":"string","RefId":null,"RefCode":null,"RefName":null,"RefPath":null,"RefFileName":null,"ModelType":0,"In":"Query","IsRequired":true,"ListDeepth":0,"isCollection":false,"isRetVal":false,"isBasicType":true},{"Id":"52d3c5f4-bc43-4f0a-978f-7985efab544f&^^&QueryParam","Code":"BookMgr","Name":"图书信息管理","Description":"实体模型","ModelId":"52d3c5f4-bc43-4f0a-978f-7985efab544f","ModelCode":"TSXX_frm","ModelName":"图书信息管理_frm","RefId":"23265eda-407b-49cb-95ec-8b2e497a085f","RefCode":"BookMgr","RefName":"图书信息管理","RefPath":null,"RefFileName":null,"ModelType":0,"In":"","IsRequired":true,"ListDeepth":1,"isCollection":true,"isRetVal":true,"isBasicType":false}],"ResourceOpId":"52d3c5f4-bc43-4f0a-978f-7985efab544f&^^&Query","Transaction":false,"AssemblyInfo":null,"Extend1":"Basic","Extend2":null,"isDeprecated":true},{"Id":"52d3c5f4-bc43-4f0a-978f-7985efab544f&^^&Save","Code":"Save","Name":"保存","Description":"将当前业务上下文内所有修改的数据持久化到数据库。","HttpMethod":"PUT","Template":"","Parameters":[{"Id":"52d3c5f4-bc43-4f0a-978f-7985efab544f&^^&RequestInfo","Code":"requestInfo","Name":"请求信息","Description":"请求信息","ModelId":"52d3c5f4-bc43-4f0a-978f-7985efab544f&^^&RequestInfo","ModelCode":"RequestInfo","ModelName":"RequestInfo","RefId":"52d3c5f4-bc43-4f0a-978f-7985efab544f&^^&RequestInfo","RefCode":"RequestInfo","RefName":"RequestInfo","RefPath":null,"RefFileName":null,"ModelType":1,"In":"Body","IsRequired":false,"ListDeepth":0,"isCollection":false,"isRetVal":false,"isBasicType":false},{"Id":"52d3c5f4-bc43-4f0a-978f-7985efab544f&^^&ResponseInfo","Code":"responseInfo","Name":"响应信息","Description":"响应信息","ModelId":"52d3c5f4-bc43-4f0a-978f-7985efab544f&^^&ResponseInfo","ModelCode":"ResponseInfo","ModelName":"ResponseInfo","RefId":"52d3c5f4-bc43-4f0a-978f-7985efab544f&^^&ResponseInfo","RefCode":"ResponseInfo","RefName":"ResponseInfo","RefPath":null,"RefFileName":null,"ModelType":1,"In":"","IsRequired":true,"ListDeepth":0,"isCollection":false,"isRetVal":true,"isBasicType":false}],"ResourceOpId":"52d3c5f4-bc43-4f0a-978f-7985efab544f&^^&Save","Transaction":false,"AssemblyInfo":null,"Extend1":"Basic","Extend2":null,"isDeprecated":false},{"Id":"52d3c5f4-bc43-4f0a-978f-7985efab544f&^^&Cancel","Code":"Cancel","Name":"取消","Description":"取消所有数据的修改，此操作会将修改过程中锁定的数据解锁。","HttpMethod":"POST","Template":"service/cancel","Parameters":null,"ResourceOpId":"52d3c5f4-bc43-4f0a-978f-7985efab544f&^^&Cancel","Transaction":false,"AssemblyInfo":null,"Extend1":"Basic","Extend2":null,"isDeprecated":false},{"Id":"52d3c5f4-bc43-4f0a-978f-7985efab544f&^^&HasChanges","Code":"HasChanges","Name":"检查变更","Description":"检查当前业务上下文内是否存在未保存的变更","HttpMethod":"PUT","Template":"haschanges","Parameters":[{"Id":"52d3c5f4-bc43-4f0a-978f-7985efab544f&^^&RequestInfo","Code":"requestInfo","Name":"请求信息","Description":"请求信息","ModelId":"52d3c5f4-bc43-4f0a-978f-7985efab544f&^^&RequestInfo","ModelCode":"RequestInfo","ModelName":"RequestInfo","RefId":"52d3c5f4-bc43-4f0a-978f-7985efab544f&^^&RequestInfo","RefCode":"RequestInfo","RefName":"RequestInfo","RefPath":null,"RefFileName":null,"ModelType":1,"In":"Body","IsRequired":false,"ListDeepth":0,"isCollection":false,"isRetVal":false,"isBasicType":false},{"Id":"52d3c5f4-bc43-4f0a-978f-7985efab544f&^^&ResponseInfo","Code":"responseInfo","Name":"响应信息","Description":"响应信息","ModelId":"52d3c5f4-bc43-4f0a-978f-7985efab544f&^^&ResponseInfo","ModelCode":"ResponseInfo","ModelName":"ResponseInfo","RefId":"52d3c5f4-bc43-4f0a-978f-7985efab544f&^^&ResponseInfo","RefCode":"ResponseInfo","RefName":"ResponseInfo","RefPath":null,"RefFileName":null,"ModelType":1,"In":"","IsRequired":true,"ListDeepth":0,"isCollection":false,"isRetVal":true,"isBasicType":false}],"ResourceOpId":"52d3c5f4-bc43-4f0a-978f-7985efab544f&^^&HasChanges","Transaction":false,"AssemblyInfo":null,"Extend1":"Basic","Extend2":null,"isDeprecated":false},{"Id":"52d3c5f4-bc43-4f0a-978f-7985efab544f&^^&ElementHelp","Code":"GetElementHelp","Name":"获取字段帮助数据","Description":"获取指定帮助字段的帮助数据，支持图书信息管理及其子表的所有帮助字段的帮助数据。如果查询条件较长，建议使用”获取字段帮助数据“操作。","HttpMethod":"GET","Template":"elementhelps/{labelId}","Parameters":[{"Id":"52d3c5f4-bc43-4f0a-978f-7985efab544f&^^&labelIdParam","Code":"labelId","Name":"标签Id","Description":"标签内码","ModelId":"string","ModelCode":null,"ModelName":"string","RefId":null,"RefCode":null,"RefName":null,"RefPath":null,"RefFileName":null,"ModelType":0,"In":"Path","IsRequired":true,"ListDeepth":0,"isCollection":false,"isRetVal":false,"isBasicType":true},{"Id":"52d3c5f4-bc43-4f0a-978f-7985efab544f&^^&nodeCodeParam","Code":"nodeCode","Name":"节点编号","Description":"节点编号","ModelId":"string","ModelCode":null,"ModelName":"string","RefId":null,"RefCode":null,"RefName":null,"RefPath":null,"RefFileName":null,"ModelType":0,"In":"Query","IsRequired":true,"ListDeepth":0,"isCollection":false,"isRetVal":false,"isBasicType":true},{"Id":"52d3c5f4-bc43-4f0a-978f-7985efab544f&^^&queryParam","Code":"queryParam","Name":"查询参数","Description":"查询参数","ModelId":"string","ModelCode":null,"ModelName":"string","RefId":null,"RefCode":null,"RefName":null,"RefPath":null,"RefFileName":null,"ModelType":0,"In":"Query","IsRequired":true,"ListDeepth":0,"isCollection":false,"isRetVal":false,"isBasicType":true},{"Id":"52d3c5f4-bc43-4f0a-978f-7985efab544f&^^&ElementHelpRetParam","Code":"return","Name":"返回值","Description":"返回值","ModelId":"52d3c5f4-bc43-4f0a-978f-7985efab544f&^^&LookupResult","ModelCode":"LookupResult","ModelName":"LookupResult","RefId":"52d3c5f4-bc43-4f0a-978f-7985efab544f&^^&LookupResult","RefCode":"LookupResult","RefName":"LookupResult","RefPath":null,"RefFileName":null,"ModelType":1,"In":"","IsRequired":true,"ListDeepth":0,"isCollection":false,"isRetVal":true,"isBasicType":false}],"ResourceOpId":"52d3c5f4-bc43-4f0a-978f-7985efab544f&^^&ElementHelp","Transaction":false,"AssemblyInfo":null,"Extend1":"Basic","Extend2":null,"isDeprecated":true},{"Id":"52d3c5f4-bc43-4f0a-978f-7985efab544f&^^&Extend_Delete","Code":"Extend_Delete","Name":"删除图书信息管理","Description":"删除指定的图书信息管理。该操作仅在当前业务上下文中删除，并不会持久化到数据库。后续需调用”保存“操作进行持久化，如需要立即持久化，请调用”删除图书信息管理并保存“操作。也可通过变更集，在删除过程中修改其他数据，并返回删除过程中产生的其他变更。","HttpMethod":"PUT","Template":"/extension/delete/{dataId}","Parameters":[{"Id":"52d3c5f4-bc43-4f0a-978f-7985efab544f&^^&RequestInfo","Code":"requestInfo","Name":"请求信息","Description":"请求信息","ModelId":"52d3c5f4-bc43-4f0a-978f-7985efab544f&^^&RequestInfo","ModelCode":"RequestInfo","ModelName":"RequestInfo","RefId":"52d3c5f4-bc43-4f0a-978f-7985efab544f&^^&RequestInfo","RefCode":"RequestInfo","RefName":"RequestInfo","RefPath":null,"RefFileName":null,"ModelType":1,"In":"Body","IsRequired":false,"ListDeepth":0,"isCollection":false,"isRetVal":false,"isBasicType":false},{"Id":"52d3c5f4-bc43-4f0a-978f-7985efab544f&^^&DeleteParam","Code":"dataId","Name":"单据内码","Description":"单据内码","ModelId":"string","ModelCode":null,"ModelName":"string","RefId":null,"RefCode":null,"RefName":null,"RefPath":null,"RefFileName":null,"ModelType":0,"In":"Path","IsRequired":false,"ListDeepth":0,"isCollection":false,"isRetVal":false,"isBasicType":true},{"Id":"52d3c5f4-bc43-4f0a-978f-7985efab544f&^^&ResponseInfo","Code":"responseInfo","Name":"响应信息","Description":"响应信息","ModelId":"52d3c5f4-bc43-4f0a-978f-7985efab544f&^^&ResponseInfo","ModelCode":"ResponseInfo","ModelName":"ResponseInfo","RefId":"52d3c5f4-bc43-4f0a-978f-7985efab544f&^^&ResponseInfo","RefCode":"ResponseInfo","RefName":"ResponseInfo","RefPath":null,"RefFileName":null,"ModelType":1,"In":"","IsRequired":true,"ListDeepth":0,"isCollection":false,"isRetVal":true,"isBasicType":false}],"ResourceOpId":"52d3c5f4-bc43-4f0a-978f-7985efab544f&^^&Extend_Delete","Transaction":false,"AssemblyInfo":null,"Extend1":"Basic","Extend2":null,"isDeprecated":false},{"Id":"52d3c5f4-bc43-4f0a-978f-7985efab544f&^^&Extend_BatchDelete","Code":"Extend_BatchDelete","Name":"批量删除图书信息管理","Description":"批量删除指定的图书信息管理，如删除数据较多，建议使用”批量删除图书信息管理“操作。","HttpMethod":"PUT","Template":"/extension/batchdelete","Parameters":[{"Id":"52d3c5f4-bc43-4f0a-978f-7985efab544f&^^&RequestInfo","Code":"requestInfo","Name":"请求信息","Description":"请求信息","ModelId":"52d3c5f4-bc43-4f0a-978f-7985efab544f&^^&RequestInfo","ModelCode":"RequestInfo","ModelName":"RequestInfo","RefId":"52d3c5f4-bc43-4f0a-978f-7985efab544f&^^&RequestInfo","RefCode":"RequestInfo","RefName":"RequestInfo","RefPath":null,"RefFileName":null,"ModelType":1,"In":"Body","IsRequired":false,"ListDeepth":0,"isCollection":false,"isRetVal":false,"isBasicType":false},{"Id":"52d3c5f4-bc43-4f0a-978f-7985efab544f&^^&BatchDeleteParam","Code":"ids","Name":"单据内码列表","Description":"单据内码列表","ModelId":"string","ModelCode":null,"ModelName":"string","RefId":null,"RefCode":null,"RefName":null,"RefPath":null,"RefFileName":null,"ModelType":0,"In":"Query","IsRequired":true,"ListDeepth":0,"isCollection":false,"isRetVal":false,"isBasicType":true},{"Id":"52d3c5f4-bc43-4f0a-978f-7985efab544f&^^&ResponseInfo","Code":"responseInfo","Name":"响应信息","Description":"响应信息","ModelId":"52d3c5f4-bc43-4f0a-978f-7985efab544f&^^&ResponseInfo","ModelCode":"ResponseInfo","ModelName":"ResponseInfo","RefId":"52d3c5f4-bc43-4f0a-978f-7985efab544f&^^&ResponseInfo","RefCode":"ResponseInfo","RefName":"ResponseInfo","RefPath":null,"RefFileName":null,"ModelType":1,"In":"","IsRequired":true,"ListDeepth":0,"isCollection":false,"isRetVal":true,"isBasicType":false}],"ResourceOpId":"52d3c5f4-bc43-4f0a-978f-7985efab544f&^^&Extend_BatchDelete","Transaction":false,"AssemblyInfo":null,"Extend1":"Basic","Extend2":null,"isDeprecated":true},{"Id":"52d3c5f4-bc43-4f0a-978f-7985efab544f&^^&Extension_BatchDeletion","Code":"Extension_BatchDeletion","Name":"批量删除图书信息管理","Description":"批量删除指定的图书信息管理，该操作仅在当前业务上下文中删除，并不会持久化到数据库。后续需调用”保存“操作进行持久化，如需要立即持久化，请调用”批量删除图书信息管理并保存“操作。可在删除过程中，修改其他数据，并返回删除过程中产生的其他变更。","HttpMethod":"PUT","Template":"/extension/batchdeletion","Parameters":[{"Id":"52d3c5f4-bc43-4f0a-978f-7985efab544f&^^&RequestInfo","Code":"requestInfo","Name":"请求信息","Description":"请求信息","ModelId":"52d3c5f4-bc43-4f0a-978f-7985efab544f&^^&RequestInfo","ModelCode":"RequestInfo","ModelName":"RequestInfo","RefId":"52d3c5f4-bc43-4f0a-978f-7985efab544f&^^&RequestInfo","RefCode":"RequestInfo","RefName":"RequestInfo","RefPath":null,"RefFileName":null,"ModelType":1,"In":"Body","IsRequired":false,"ListDeepth":0,"isCollection":false,"isRetVal":false,"isBasicType":false},{"Id":"52d3c5f4-bc43-4f0a-978f-7985efab544f&^^&Ids","Code":"ids","Name":"单据内码集合","Description":"批量删除的内码集合","ModelId":"string","ModelCode":null,"ModelName":"string","RefId":null,"RefCode":null,"RefName":null,"RefPath":null,"RefFileName":null,"ModelType":0,"In":"Body","IsRequired":true,"ListDeepth":1,"isCollection":true,"isRetVal":false,"isBasicType":true},{"Id":"52d3c5f4-bc43-4f0a-978f-7985efab544f&^^&ResponseInfo","Code":"responseInfo","Name":"响应信息","Description":"响应信息","ModelId":"52d3c5f4-bc43-4f0a-978f-7985efab544f&^^&ResponseInfo","ModelCode":"ResponseInfo","ModelName":"ResponseInfo","RefId":"52d3c5f4-bc43-4f0a-978f-7985efab544f&^^&ResponseInfo","RefCode":"ResponseInfo","RefName":"ResponseInfo","RefPath":null,"RefFileName":null,"ModelType":1,"In":"","IsRequired":true,"ListDeepth":0,"isCollection":false,"isRetVal":true,"isBasicType":false}],"ResourceOpId":"52d3c5f4-bc43-4f0a-978f-7985efab544f&^^&Extension_BatchDeletion","Transaction":false,"AssemblyInfo":null,"Extend1":"Basic","Extend2":null,"isDeprecated":false},{"Id":"52d3c5f4-bc43-4f0a-978f-7985efab544f&^^&Extend_Retrieve","Code":"Extend_Retrieve","Name":"检索图书信息管理","Description":"检索指定的图书信息管理，返回结果中包含图书信息管理的所有子表数据。也可通过变更集，在删除过程中修改其他数据，并返回删除过程中产生的其他变更。","HttpMethod":"PUT","Template":"/extension/retrieve/{dataId}","Parameters":[{"Id":"52d3c5f4-bc43-4f0a-978f-7985efab544f&^^&RequestInfo","Code":"requestInfo","Name":"请求信息","Description":"请求信息","ModelId":"52d3c5f4-bc43-4f0a-978f-7985efab544f&^^&RequestInfo","ModelCode":"RequestInfo","ModelName":"RequestInfo","RefId":"52d3c5f4-bc43-4f0a-978f-7985efab544f&^^&RequestInfo","RefCode":"RequestInfo","RefName":"RequestInfo","RefPath":null,"RefFileName":null,"ModelType":1,"In":"Body","IsRequired":false,"ListDeepth":0,"isCollection":false,"isRetVal":false,"isBasicType":false},{"Id":"52d3c5f4-bc43-4f0a-978f-7985efab544f&^^&RetrieveParam","Code":"dataId","Name":"单据内码","Description":"单据内码","ModelId":"string","ModelCode":null,"ModelName":"string","RefId":null,"RefCode":null,"RefName":null,"RefPath":null,"RefFileName":null,"ModelType":0,"In":"Path","IsRequired":true,"ListDeepth":0,"isCollection":false,"isRetVal":false,"isBasicType":true},{"Id":"52d3c5f4-bc43-4f0a-978f-7985efab544f&^^&ResponseInfo","Code":"responseInfo","Name":"响应信息","Description":"响应信息","ModelId":"52d3c5f4-bc43-4f0a-978f-7985efab544f&^^&ResponseInfo","ModelCode":"ResponseInfo","ModelName":"ResponseInfo","RefId":"52d3c5f4-bc43-4f0a-978f-7985efab544f&^^&ResponseInfo","RefCode":"ResponseInfo","RefName":"ResponseInfo","RefPath":null,"RefFileName":null,"ModelType":1,"In":"","IsRequired":true,"ListDeepth":0,"isCollection":false,"isRetVal":true,"isBasicType":false}],"ResourceOpId":"52d3c5f4-bc43-4f0a-978f-7985efab544f&^^&Extend_Retrieve","Transaction":false,"AssemblyInfo":null,"Extend1":"Basic","Extend2":null,"isDeprecated":false},{"Id":"52d3c5f4-bc43-4f0a-978f-7985efab544f&^^&Extend_Query","Code":"Extend_Query","Name":"查询图书信息管理","Description":"按照查询条件查询图书信息管理。如果查询条件较长，建议使用”查询图书信息管理“操作。","HttpMethod":"PUT","Template":"/extension/query","Parameters":[{"Id":"52d3c5f4-bc43-4f0a-978f-7985efab544f&^^&RequestInfo","Code":"requestInfo","Name":"请求信息","Description":"请求信息","ModelId":"52d3c5f4-bc43-4f0a-978f-7985efab544f&^^&RequestInfo","ModelCode":"RequestInfo","ModelName":"RequestInfo","RefId":"52d3c5f4-bc43-4f0a-978f-7985efab544f&^^&RequestInfo","RefCode":"RequestInfo","RefName":"RequestInfo","RefPath":null,"RefFileName":null,"ModelType":1,"In":"Body","IsRequired":false,"ListDeepth":0,"isCollection":false,"isRetVal":false,"isBasicType":false},{"Id":"52d3c5f4-bc43-4f0a-978f-7985efab544f&^^&EntityFilterParam","Code":"entityFilter","Name":"过滤条件","Description":"过滤条件","ModelId":"string","ModelCode":null,"ModelName":"string","RefId":null,"RefCode":null,"RefName":null,"RefPath":null,"RefFileName":null,"ModelType":0,"In":"Query","IsRequired":false,"ListDeepth":0,"isCollection":false,"isRetVal":false,"isBasicType":true},{"Id":"52d3c5f4-bc43-4f0a-978f-7985efab544f&^^&ResponseInfo","Code":"responseInfo","Name":"响应信息","Description":"响应信息","ModelId":"52d3c5f4-bc43-4f0a-978f-7985efab544f&^^&ResponseInfo","ModelCode":"ResponseInfo","ModelName":"ResponseInfo","RefId":"52d3c5f4-bc43-4f0a-978f-7985efab544f&^^&ResponseInfo","RefCode":"ResponseInfo","RefName":"ResponseInfo","RefPath":null,"RefFileName":null,"ModelType":1,"In":"","IsRequired":true,"ListDeepth":0,"isCollection":false,"isRetVal":true,"isBasicType":false}],"ResourceOpId":"52d3c5f4-bc43-4f0a-978f-7985efab544f&^^&Extend_Query","Transaction":false,"AssemblyInfo":null,"Extend1":"Basic","Extend2":null,"isDeprecated":true},{"Id":"52d3c5f4-bc43-4f0a-978f-7985efab544f&^^&Extension_Filter","Code":"Extension_Filter","Name":"查询图书信息管理","Description":"按照查询条件查询图书信息管理，可指定查询过滤条件、排序字段、设置分页。也可通过变更集，在删除过程中修改其他数据，并返回删除过程中产生的其他变更。","HttpMethod":"POST","Template":"/extension/filter","Parameters":[{"Id":"52d3c5f4-bc43-4f0a-978f-7985efab544f&^^&RequestInfo","Code":"requestInfo","Name":"请求信息","Description":"请求信息","ModelId":"52d3c5f4-bc43-4f0a-978f-7985efab544f&^^&RequestInfo","ModelCode":"RequestInfo","ModelName":"RequestInfo","RefId":"52d3c5f4-bc43-4f0a-978f-7985efab544f&^^&RequestInfo","RefCode":"RequestInfo","RefName":"RequestInfo","RefPath":null,"RefFileName":null,"ModelType":1,"In":"Body","IsRequired":false,"ListDeepth":0,"isCollection":false,"isRetVal":false,"isBasicType":false},{"Id":"52d3c5f4-bc43-4f0a-978f-7985efab544f&^^&EntityFilter","Code":"entityFilter","Name":"过滤条件","Description":"过滤条件","ModelId":"52d3c5f4-bc43-4f0a-978f-7985efab544f&^^&EntityFilter","ModelCode":"EntityFilter","ModelName":"EntityFilter","RefId":"52d3c5f4-bc43-4f0a-978f-7985efab544f&^^&EntityFilter","RefCode":"EntityFilter","RefName":"EntityFilter","RefPath":null,"RefFileName":null,"ModelType":1,"In":"Body","IsRequired":false,"ListDeepth":0,"isCollection":false,"isRetVal":false,"isBasicType":false},{"Id":"52d3c5f4-bc43-4f0a-978f-7985efab544f&^^&ResponseInfo","Code":"responseInfo","Name":"响应信息","Description":"响应信息","ModelId":"52d3c5f4-bc43-4f0a-978f-7985efab544f&^^&ResponseInfo","ModelCode":"ResponseInfo","ModelName":"ResponseInfo","RefId":"52d3c5f4-bc43-4f0a-978f-7985efab544f&^^&ResponseInfo","RefCode":"ResponseInfo","RefName":"ResponseInfo","RefPath":null,"RefFileName":null,"ModelType":1,"In":"","IsRequired":true,"ListDeepth":0,"isCollection":false,"isRetVal":true,"isBasicType":false}],"ResourceOpId":"52d3c5f4-bc43-4f0a-978f-7985efab544f&^^&Extension_Filter","Transaction":false,"AssemblyInfo":null,"Extend1":"Basic","Extend2":null,"isDeprecated":false},{"Id":"52d3c5f4-bc43-4f0a-978f-7985efab544f&^^&Extend_ElementHelp","Code":"Extend_GetElementHelp","Name":"获取字段帮助数据","Description":"获取指定帮助字段的帮助数据，支持图书信息管理及其子表的所有帮助字段的帮助数据。也可通过变更集，在删除过程中修改其他数据，并返回删除过程中产生的其他变更。","HttpMethod":"PUT","Template":"/extension/elementhelps","Parameters":[{"Id":"52d3c5f4-bc43-4f0a-978f-7985efab544f&^^&RequestInfo","Code":"requestInfo","Name":"请求信息","Description":"请求信息","ModelId":"52d3c5f4-bc43-4f0a-978f-7985efab544f&^^&RequestInfo","ModelCode":"RequestInfo","ModelName":"RequestInfo","RefId":"52d3c5f4-bc43-4f0a-978f-7985efab544f&^^&RequestInfo","RefCode":"RequestInfo","RefName":"RequestInfo","RefPath":null,"RefFileName":null,"ModelType":1,"In":"Body","IsRequired":false,"ListDeepth":0,"isCollection":false,"isRetVal":false,"isBasicType":false},{"Id":"52d3c5f4-bc43-4f0a-978f-7985efab544f&^^&labelIdParam","Code":"labelId","Name":"标签Id","Description":"标签内码","ModelId":"string","ModelCode":null,"ModelName":"string","RefId":null,"RefCode":null,"RefName":null,"RefPath":null,"RefFileName":null,"ModelType":0,"In":"Body","IsRequired":true,"ListDeepth":0,"isCollection":false,"isRetVal":false,"isBasicType":true},{"Id":"52d3c5f4-bc43-4f0a-978f-7985efab544f&^^&nodeCodeParam","Code":"nodeCode","Name":"节点编号","Description":"节点编号","ModelId":"string","ModelCode":null,"ModelName":"string","RefId":null,"RefCode":null,"RefName":null,"RefPath":null,"RefFileName":null,"ModelType":0,"In":"Body","IsRequired":true,"ListDeepth":0,"isCollection":false,"isRetVal":false,"isBasicType":true},{"Id":"52d3c5f4-bc43-4f0a-978f-7985efab544f&^^&queryParam","Code":"queryParam","Name":"查询参数","Description":"查询参数","ModelId":"52d3c5f4-bc43-4f0a-978f-7985efab544f&^^&LookupQueryParam","ModelCode":"LookupQueryParam","ModelName":"LookupQueryParam","RefId":"52d3c5f4-bc43-4f0a-978f-7985efab544f&^^&LookupQueryParam","RefCode":"LookupQueryParam","RefName":"LookupQueryParam","RefPath":null,"RefFileName":null,"ModelType":1,"In":"Body","IsRequired":true,"ListDeepth":0,"isCollection":false,"isRetVal":false,"isBasicType":true},{"Id":"52d3c5f4-bc43-4f0a-978f-7985efab544f&^^&ResponseInfo","Code":"responseInfo","Name":"响应信息","Description":"响应信息","ModelId":"52d3c5f4-bc43-4f0a-978f-7985efab544f&^^&ResponseInfo","ModelCode":"ResponseInfo","ModelName":"ResponseInfo","RefId":"52d3c5f4-bc43-4f0a-978f-7985efab544f&^^&ResponseInfo","RefCode":"ResponseInfo","RefName":"ResponseInfo","RefPath":null,"RefFileName":null,"ModelType":1,"In":"","IsRequired":true,"ListDeepth":0,"isCollection":false,"isRetVal":true,"isBasicType":false}],"ResourceOpId":"52d3c5f4-bc43-4f0a-978f-7985efab544f&^^&Extend_ElementHelp","Transaction":false,"AssemblyInfo":null,"Extend1":"Basic","Extend2":null,"isDeprecated":false}],"Extension":null},"Models":[{"Id":"52d3c5f4-bc43-4f0a-978f-7985efab544f&^^&RequestInfo","Code":"RequestInfo","Name":"RequestInfo","ModelId":"52d3c5f4-bc43-4f0a-978f-7985efab544f&^^&RequestInfo","ModelCode":"RequestInfo","ModelName":"RequestInfo","RelativePath":null,"FileName":null,"ModelType":1},{"Id":"52d3c5f4-bc43-4f0a-978f-7985efab544f&^^&DefaultValue","Code":"DefaultValue","Name":"DefaultValue","ModelId":"52d3c5f4-bc43-4f0a-978f-7985efab544f&^^&DefaultValue","ModelCode":"DefaultValue","ModelName":"DefaultValue","RelativePath":null,"FileName":null,"ModelType":1},{"Id":"52d3c5f4-bc43-4f0a-978f-7985efab544f&^^&ResponseInfo","Code":"ResponseInfo","Name":"ResponseInfo","ModelId":"52d3c5f4-bc43-4f0a-978f-7985efab544f&^^&ResponseInfo","ModelCode":"ResponseInfo","ModelName":"ResponseInfo","RelativePath":null,"FileName":null,"ModelType":1},{"Id":"52d3c5f4-bc43-4f0a-978f-7985efab544f&^^&RetrieveDefaultParam","Code":"RetrieveDefaultParam","Name":"RetrieveDefaultParam","ModelId":"52d3c5f4-bc43-4f0a-978f-7985efab544f&^^&RetrieveDefaultParam","ModelCode":"RetrieveDefaultParam","ModelName":"RetrieveDefaultParam","RelativePath":null,"FileName":null,"ModelType":1},{"Id":"52d3c5f4-bc43-4f0a-978f-7985efab544f&^^&ChangeDetail","Code":"ChangeDetail","Name":"ChangeDetail","ModelId":"52d3c5f4-bc43-4f0a-978f-7985efab544f&^^&ChangeDetail","ModelCode":"ChangeDetail","ModelName":"ChangeDetail","RelativePath":null,"FileName":null,"ModelType":1},{"Id":"23265eda-407b-49cb-95ec-8b2e497a085f","Code":"BookMgr","Name":"图书信息管理","ModelId":"52d3c5f4-bc43-4f0a-978f-7985efab544f","ModelCode":"TSXX_frm","ModelName":"图书信息管理_frm","RelativePath":null,"FileName":null,"ModelType":0},{"Id":"52d3c5f4-bc43-4f0a-978f-7985efab544f&^^&RetrieveParam","Code":"RetrieveParam","Name":"RetrieveParam","ModelId":"52d3c5f4-bc43-4f0a-978f-7985efab544f&^^&RetrieveParam","ModelCode":"RetrieveParam","ModelName":"RetrieveParam","RelativePath":null,"FileName":null,"ModelType":1},{"Id":"52d3c5f4-bc43-4f0a-978f-7985efab544f&^^&Pagination","Code":"Pagination","Name":"Pagination","ModelId":"52d3c5f4-bc43-4f0a-978f-7985efab544f&^^&Pagination","ModelCode":"Pagination","ModelName":"Pagination","RelativePath":null,"FileName":null,"ModelType":1},{"Id":"52d3c5f4-bc43-4f0a-978f-7985efab544f&^^&LookupResult","Code":"LookupResult","Name":"LookupResult","ModelId":"52d3c5f4-bc43-4f0a-978f-7985efab544f&^^&LookupResult","ModelCode":"LookupResult","ModelName":"LookupResult","RelativePath":null,"FileName":null,"ModelType":1},{"Id":"52d3c5f4-bc43-4f0a-978f-7985efab544f&^^&EntityFilter","Code":"EntityFilter","Name":"EntityFilter","ModelId":"52d3c5f4-bc43-4f0a-978f-7985efab544f&^^&EntityFilter","ModelCode":"EntityFilter","ModelName":"EntityFilter","RelativePath":null,"FileName":null,"ModelType":1}],"Router":"/api/bookmanagement/gly/v1.0/tsxx_frm","EndPoint":"/bookmanagement/gly/v1.0/tsxx_frm"}]