{"module":{"id":"TSXX","code":"TSXX","name":"图书信息管理","caption":"图书信息管理","type":"Module","creator":"mashuo","creationDate":"2023-12-06T05:03:47.958Z","updateVersion":"191104","showTitle":true,"bootstrap":"card-template","templateId":"card-template","schemas":[{"eapiId":"97358d32-7f7a-4186-8d00-8d955c097b04","eapiCode":"TSXX_frm","eapiName":"图书信息管理_frm","eapiNameSpace":"Inspur.GS.bookmanagement.GLY.BookMgr.BookMgr.Front","voPath":"bookmanagement/GLY/BookMgr/bo-bookmgr-front/metadata/components","voNameSpace":"Inspur.GS.bookmanagement.GLY.BookMgr.BookMgr.Front","name":"图书信息管理_frm","id":"52d3c5f4-bc43-4f0a-978f-7985efab544f","sourceType":"vo","code":"TSXX_frm","entities":[{"name":"图书信息管理","id":"23265eda-407b-49cb-95ec-8b2e497a085f","type":{"$type":"EntityType","fields":[{"$type":"SimpleField","defaultValue":"","editor":{"$type":"TextBox"},"multiLanguage":false,"require":true,"readonly":false,"name":"主键","id":"3b304802-d7a3-43e7-ab1c-8f341be86e53","type":{"$type":"StringType","length":36,"name":"String","displayName":"字符串"},"path":"ID","code":"ID","label":"id","originalId":"3b304802-d7a3-43e7-ab1c-8f341be86e53","bindingField":"id","bindingPath":"id"},{"$type":"SimpleField","defaultValue":"","editor":{"$type":"TextBox"},"multiLanguage":false,"require":false,"readonly":false,"name":"编号","id":"b75edf74-0863-47ef-9486-c136f9c5adef","type":{"$type":"StringType","length":36,"name":"String","displayName":"字符串"},"path":"bookid","code":"bookid","label":"bookid","originalId":"b75edf74-0863-47ef-9486-c136f9c5adef","bindingField":"bookid","bindingPath":"bookid"},{"$type":"SimpleField","defaultValue":"","editor":{"$type":"TextBox"},"multiLanguage":false,"require":false,"readonly":false,"name":"名称","id":"b36c677f-056c-46d2-a2a1-efbbdb67d537","type":{"$type":"StringType","length":36,"name":"String","displayName":"字符串"},"path":"bookname","code":"bookname","label":"bookname","originalId":"b36c677f-056c-46d2-a2a1-efbbdb67d537","bindingField":"bookname","bindingPath":"bookname"},{"$type":"SimpleField","defaultValue":"","editor":{"$type":"TextBox"},"multiLanguage":false,"require":false,"readonly":false,"name":"图书分类","id":"6f3c0067-5e39-46d8-a850-a551cc49ac08","type":{"$type":"StringType","length":36,"name":"String","displayName":"字符串"},"path":"bookcategories","code":"bookcategories","label":"bookcategories","originalId":"6f3c0067-5e39-46d8-a850-a551cc49ac08","bindingField":"bookcategories","bindingPath":"bookcategories"},{"$type":"SimpleField","defaultValue":"","editor":{"$type":"TextBox"},"multiLanguage":false,"require":false,"readonly":false,"name":"作者","id":"3bfe07ea-7595-4c2b-927e-608249391dc1","type":{"$type":"StringType","length":36,"name":"String","displayName":"字符串"},"path":"author","code":"author","label":"author","originalId":"3bfe07ea-7595-4c2b-927e-608249391dc1","bindingField":"author","bindingPath":"author"},{"$type":"SimpleField","defaultValue":"","editor":{"$type":"EnumField"},"multiLanguage":false,"require":false,"readonly":false,"name":"目前状态","id":"f6cfdbfc-0667-4e2e-a90b-5cd8edd71c35","type":{"$type":"EnumType","name":"Enum","displayName":"枚举","valueType":{"$type":"StringType","length":36,"name":"String","displayName":"字符串"},"enumValues":[{"name":"已借阅","value":"pass"},{"name":"未借阅","value":"none"}]},"path":"Curtstatus","code":"Curtstatus","label":"curtstatus","originalId":"f6cfdbfc-0667-4e2e-a90b-5cd8edd71c35","bindingField":"curtstatus","bindingPath":"curtstatus"},{"$type":"SimpleField","defaultValue":"","editor":{"$type":"DateBox","format":"'yyyy-MM-dd'"},"multiLanguage":false,"require":false,"readonly":false,"name":"出版日期","id":"36058630-d4c0-4dc2-9b73-4fe2d1fc05b3","type":{"$type":"DateType","name":"Date","displayName":"日期"},"path":"chubandate","code":"chubandate","label":"chubandate","originalId":"36058630-d4c0-4dc2-9b73-4fe2d1fc05b3","bindingField":"chubandate","bindingPath":"chubandate"}],"entities":[],"primary":"id","name":"BookMgr","displayName":"图书信息管理"},"code":"BookMgr","label":"bookMgrs"}],"variables":[],"extendProperties":{"enableStdTimeFormat":true},"sourceUri":"api/bookmanagement/gly/v1.0/TSXX_frm"}],"states":[],"contents":[],"stateMachines":[{"id":"TSXX_state_machine","name":"图书信息管理_frm","uri":"54e5894b-c9a0-4c7c-b1e4-a50f5d1644e4","code":"TSXX_frm","nameSpace":"Inspur.GS.bookmanagement.GLY.BookMgr.BookMgr.Front"}],"viewmodels":[{"id":"root-viewmodel","code":"root-viewmodel","name":"图书信息管理","fields":[],"stateMachine":"TSXX_state_machine","serviceRefs":[],"commands":[{"id":"e05264fb-796d-43fb-b83b-9e2f3866c328","code":"Load1","name":"执行加载页面后初始方法","params":[{"name":"action","shownName":"初始方法","value":"{UISTATE~/#{root-component}/action}"}],"handlerName":"Load","cmpId":"8172a979-2c80-4637-ace7-b13074d3f393","extensions":[],"isInvalid":false},{"id":"246a275c-88c9-4c8a-aa82-be6a950a4325","code":"LoadAndAdd1","name":"新增一条数据","params":[{"name":"transitionAction","shownName":"状态机动作","value":"Create"}],"handlerName":"LoadAndAdd","cmpId":"8172a979-2c80-4637-ace7-b13074d3f393","extensions":[],"isInvalid":false},{"id":"70acc053-fa15-45be-851c-cf694e1bcaf7","code":"LoadAndView1","name":"查看一条数据","params":[{"name":"id","shownName":"待查看数据的标识","value":"{UISTATE~/#{root-component}/id}"},{"name":"transitionAction","shownName":"状态机动作","value":"Cancel"}],"handlerName":"LoadAndView","cmpId":"8172a979-2c80-4637-ace7-b13074d3f393","extensions":[],"isInvalid":false},{"id":"3e72ee6f-8f7b-4f29-aa0e-5887f2861117","code":"LoadAndEdit1","name":"编辑当前数据","params":[{"name":"id","shownName":"待编辑数据的标识","value":"{UISTATE~/#{root-component}/id}"},{"name":"transitionAction","shownName":"状态机动作","value":"Edit"}],"handlerName":"LoadAndEdit","cmpId":"8172a979-2c80-4637-ace7-b13074d3f393","extensions":[],"isInvalid":false},{"id":"f90aadfa-988c-4da5-a5db-1416c3333794","code":"Add1","name":"新增一条数据","params":[{"name":"transitionAction","shownName":"状态机动作","value":"Create"}],"handlerName":"Add","cmpId":"8172a979-2c80-4637-ace7-b13074d3f393","extensions":[],"isInvalid":false},{"id":"a323e27b-b9c6-4848-93b9-f117403a94ff","code":"Edit1","name":"编辑当前数据","params":[{"name":"transitionAction","shownName":"状态机动作","value":"Edit"}],"handlerName":"Edit","cmpId":"8172a979-2c80-4637-ace7-b13074d3f393","extensions":[],"isInvalid":false},{"id":"31b814db-01e4-407d-8fad-0f08dbb01999","code":"Save1","name":"保存变更","params":[{"name":"transitionAction","shownName":"状态机动作","value":"Cancel"}],"handlerName":"Save","cmpId":"8172a979-2c80-4637-ace7-b13074d3f393","extensions":[],"isInvalid":false},{"id":"4f5ed2ec-8def-4a3c-8e7b-397ea93010e8","code":"Cancel1","name":"取消变更","params":[{"name":"transitionAction","shownName":"状态机动作","value":"Cancel"}],"handlerName":"Cancel","cmpId":"8172a979-2c80-4637-ace7-b13074d3f393","extensions":[],"isInvalid":false},{"id":"c8504c24-33e8-487a-91ce-2218b803fe01","code":"ChangeItem1","name":"切换上一条或下一条1","params":[{"name":"id","shownName":"当前数据标识","value":"{DATA~/#{root-component}/id}"},{"name":"type","shownName":"切换类型(prev|next)","value":"prev"},{"name":"transitionAction","shownName":"状态机动作","value":"Cancel"}],"handlerName":"ChangeItem","cmpId":"8172a979-2c80-4637-ace7-b13074d3f393","extensions":[],"isInvalid":false},{"id":"4a0cfb1a-1262-41a2-aeb9-c8edd5c09683","code":"ChangeItem2","name":"切换上一条或下一条2","params":[{"name":"id","shownName":"当前数据标识","value":"{DATA~/#{root-component}/id}"},{"name":"type","shownName":"切换类型(prev|next)","value":"next"},{"name":"transitionAction","shownName":"状态机动作","value":"Cancel"}],"handlerName":"ChangeItem","cmpId":"8172a979-2c80-4637-ace7-b13074d3f393","extensions":[],"isInvalid":false},{"id":"0d34f338-b601-4716-8530-493b0752483b","code":"submitWithBizDefKey1","name":"提交审批","params":[{"name":"dataId","shownName":"表单数据id","value":"{DATA~/basic-form-component/id}"},{"name":"bizDefKey","shownName":"流程分类id","value":""},{"name":"action","shownName":"迁移动作（可选）","value":""}],"handlerName":"submitWithBizDefKey","cmpId":"a7cb7d01-9df1-4a32-8202-99c9d0f4c339","shortcut":{},"extensions":[],"isInvalid":false},{"id":"e492063e-a22d-4f23-8aed-7fe139843220","code":"cancelSubmitWithDataId1","name":"取消提交","params":[{"name":"dataId","shownName":"表单数据id","value":"{DATA~/basic-form-component/id}"},{"name":"bizDefKey","shownName":"流程分类id","value":""},{"name":"action","shownName":"迁移动作（可选）","value":""}],"handlerName":"cancelSubmitWithDataId","cmpId":"a7cb7d01-9df1-4a32-8202-99c9d0f4c339","shortcut":{},"extensions":[],"isInvalid":false}],"states":[],"bindTo":"/","enableUnifiedSession":false},{"id":"basic-form-viewmodel","code":"basic-form-viewmodel","name":"图书信息管理","fields":[{"type":"Form","id":"b36c677f-056c-46d2-a2a1-efbbdb67d537","fieldName":"bookname","groupId":null,"groupName":null,"updateOn":"blur"},{"type":"Form","id":"6f3c0067-5e39-46d8-a850-a551cc49ac08","fieldName":"bookcategories","groupId":null,"groupName":null,"updateOn":"blur","fieldSchema":{"editor":{"$type":"LookupEdit","dataSource":{"uri":"BookMgr.bookcategories","displayName":"图书分类","idField":"marxismLeninism","type":"ViewObject"},"valueField":"marxismLeninism","textField":"marxismLeninism","displayType":"List","mapFields":"{'booklbname':'bookcategories'}","helpId":"5d0680a9-62d8-4659-9eec-2d0969ab22dd"},"name":"图书分类","require":false,"readonly":false}},{"type":"Form","id":"3bfe07ea-7595-4c2b-927e-608249391dc1","fieldName":"author","groupId":null,"groupName":null,"updateOn":"blur"},{"type":"Form","id":"f6cfdbfc-0667-4e2e-a90b-5cd8edd71c35","fieldName":"curtstatus","groupId":null,"groupName":null,"updateOn":"change"},{"type":"Form","id":"36058630-d4c0-4dc2-9b73-4fe2d1fc05b3","fieldName":"chubandate","groupId":null,"groupName":null,"updateOn":"blur"}],"serviceRefs":[],"commands":[],"states":[],"bindTo":"/","parent":"root-viewmodel","enableValidation":true}],"components":[{"id":"root-component","type":"Component","viewModel":"root-viewmodel","componentType":"Frame","onInit":"Load1","contents":[{"id":"root-layout","type":"ContentContainer","appearance":{"class":"f-page f-page-card f-page-is-mainsubcard"},"size":null,"contents":[{"id":"page-header","type":"ContentContainer","appearance":{"class":"f-page-header"},"size":null,"contents":[{"id":"header-nav","type":"ContentContainer","appearance":{"class":"f-page-header-base"},"size":null,"contents":[{"id":"header-title-container","type":"ContentContainer","appearance":{"class":"f-title"},"size":null,"contents":[{"id":"page-header-title","type":"HtmlTemplate","html":"<span class=\"f-title-icon f-text-orna-bill\"><i class=\"f-icon f-icon-page-title-record\"></i></span><h4 class=\"f-title-text\">{{'title'|lang:lang:'图书信息管理'}}</h4><div class=\"f-title-pagination\"><span class=\"f-icon f-icon-arrow-w\" [ngClass]=\"{'f-state-disabled':!viewModel.stateMachine['canEdit']}\" (click)=\"viewModel.stateMachine['canEdit']&&viewModel.ChangeItem1()\"></span><span class=\"f-icon f-icon-arrow-e\" [ngClass]=\"{'f-state-disabled':!viewModel.stateMachine['canEdit']}\" (click)=\"viewModel.stateMachine['canEdit']&&viewModel.ChangeItem2()\"></span></div>"}],"visible":true,"isScrollspyContainer":false},{"id":"page-header-toolbar","type":"ToolBar","appearance":{"class":"col-7 f-toolbar"},"size":null,"items":[{"id":"button-add","type":"ToolBarItem","text":"新增","appearance":{"class":"btn-primary"},"disable":"!viewModel.stateMachine['canAdd']","visible":true,"click":"Add1","items":[],"usageMode":"button","modalConfig":null},{"id":"button-edit","type":"ToolBarItem","text":"编辑","appearance":null,"disable":"!viewModel.stateMachine['canEdit']","visible":true,"click":"Edit1","items":[],"usageMode":"button","modalConfig":null},{"id":"button-save","type":"ToolBarItem","text":"保存","appearance":null,"disable":"!viewModel.stateMachine['canSave']","visible":true,"click":"Save1","items":[],"usageMode":"button","modalConfig":null},{"id":"button-cancel","type":"ToolBarItem","text":"取消","appearance":null,"disable":"!viewModel.stateMachine['canCancel']","visible":true,"click":"Cancel1","items":[],"usageMode":"button","modalConfig":null},{"id":"button-approve","type":"ToolBarItem","appearance":null,"disable":"!viewModel.stateMachine['canApprove']","text":"提交审批","visible":true,"click":"submitWithBizDefKey1","items":[],"usageMode":"button","modalConfig":null},{"id":"button-cancel-approve","type":"ToolBarItem","appearance":null,"disable":"!viewModel.stateMachine['canCancelApprove']","text":"取消提交审批","visible":true,"click":"cancelSubmitWithDataId1","items":[],"usageMode":"button","modalConfig":null}],"visible":true,"buttonSize":"default","popDirection":"default"}],"visible":true,"isScrollspyContainer":false}],"visible":true,"isScrollspyContainer":false},{"id":"main-container","type":"ContentContainer","appearance":{"class":"f-page-main"},"size":null,"contents":[{"id":"like-card-container","type":"ContentContainer","appearance":{"class":"f-struct-like-card"},"size":null,"contents":[{"id":"basic-form-component-ref","type":"ComponentRef","component":"basic-form-component","visible":true}],"visible":true,"draggable":false,"isLikeCardContainer":true,"isScrollspyContainer":false}],"visible":true,"isScrollspyContainer":false}],"visible":true,"isScrollspyContainer":false}],"appearance":null,"visible":true,"afterViewInit":null},{"id":"basic-form-component","type":"Component","viewModel":"basic-form-viewmodel","componentType":"form-col-4","appearance":{"class":"f-struct-wrapper"},"onInit":"","contents":[{"id":"basic-form-section","type":"Section","appearance":{"class":"f-section-form f-section-in-mainsubcard"},"visible":true,"mainTitle":"基本信息","subTitle":"","headerClass":"","titleClass":"","extendedHeaderAreaClass":"","toolbarClass":"","extendedAreaClass":"","contentTemplateClass":"","fill":false,"expanded":true,"enableMaximize":false,"enableAccordion":false,"accordionMode":"default","showHeader":true,"headerTemplate":"","titleTemplate":"","extendedHeaderAreaTemplate":"","toolbarTemplate":"","extendedAreaTemplate":"","contents":[{"id":"basic-form-layout","type":"Form","appearance":{"class":"f-form-layout farris-form farris-form-controls-inline"},"size":null,"contents":[{"id":"bookname_b36c677f_z1uy","type":"TextBox","titleSourceType":"static","title":"名称","appearance":{"class":"col-12 col-md-6 col-xl-3 col-el-2"},"size":null,"binding":{"type":"Form","path":"bookname","field":"b36c677f-056c-46d2-a2a1-efbbdb67d537","fullPath":"bookname"},"readonly":"!viewModel.stateMachine['editable']","require":false,"disable":false,"placeHolder":"","format":null,"validation":null,"value":null,"maxLength":36,"linkedLabelEnabled":false,"linkedLabelClick":null,"visible":true,"holdPlace":false,"isTextArea":true,"isPassword":false,"tabindex":-1,"hasDefaultFocus":false,"focusState":null,"titleWidth":null,"enableTips":true,"path":"bookname","enableAppend":false,"inputAppendType":"button","inputAppendDisabled":false,"formatValidation":{"type":"none","expression":"","message":""},"autoHeight":false,"maxHeight":500,"labelAutoOverflow":false,"updateOn":"blur"},{"id":"bookcategories_6f3c0067_7ngs","type":"LookupEdit","titleSourceType":"static","title":"图书分类","appearance":{"class":"col-12 col-md-6 col-xl-3 col-el-2"},"size":null,"binding":{"type":"Form","path":"bookcategories","field":"6f3c0067-5e39-46d8-a850-a551cc49ac08","fullPath":"bookcategories"},"readonly":"!viewModel.stateMachine['editable']","require":false,"disable":false,"placeHolder":"","dataSource":{"uri":"BookMgr.bookcategories","displayName":"图书分类","idField":"marxismLeninism","type":"ViewObject"},"textField":"marxismLeninism","valueField":"marxismLeninism","displayType":"List","multiSelect":false,"pageList":"10,20,30,50","pageSize":20,"pageIndex":null,"pagination":null,"dialogTitle":"","showMaxButton":null,"showCloseButton":null,"resizable":null,"buttonAlign":null,"mapFields":"{'booklbname':'bookcategories'}","lookupStyle":"popup","holdPlace":false,"isTextArea":true,"useTip":false,"useFavorite":true,"noSearch":false,"maxSearchLength":36,"enableToSelect":true,"isRecordSize":false,"lookupPicking":null,"lookupPicked":null,"linkedLabelEnabled":false,"linkedLabelClick":null,"visible":true,"enableExtendLoadMethod":true,"editable":false,"enableFullTree":false,"enableClear":true,"clear":null,"loadTreeDataType":"default","expandLevel":-1,"enableCascade":false,"cascadeStatus":"enable","onShown":null,"onHidden":null,"beforeShow":null,"beforeHide":null,"tabindex":-1,"hasDefaultFocus":false,"focusState":null,"titleWidth":null,"textAlign":"left","useExtendInfo":false,"extInfoFields":null,"extInfoFormatter":null,"customFormatter":null,"customNavFormatter":null,"selectFirstInNav":false,"loadDataWhenOpen":true,"onlySelectLeaf":"default","viewType":"text","autoHeight":false,"maxHeight":500,"autoWidth":true,"showHeader":true,"beforeSelectData":null,"enableAppend":false,"inputAppendType":"button","inputAppendDisabled":false,"enableContextMenu":false,"quickSelect":{"enable":false,"showItemsCount":10,"formatter":null,"showMore":true},"treeToList":false,"navTreeToList":false,"showNavigation":true,"showCascadeControl":true,"linkConfig":{"enable":false,"config":[]},"path":"bookcategories","isRTControl":false,"labelAutoOverflow":false,"updateOn":"blur","helpId":"5d0680a9-62d8-4659-9eec-2d0969ab22dd"},{"id":"author_3bfe07ea_nfoj","type":"TextBox","titleSourceType":"static","title":"作者","appearance":{"class":"col-12 col-md-6 col-xl-3 col-el-2"},"size":null,"binding":{"type":"Form","path":"author","field":"3bfe07ea-7595-4c2b-927e-608249391dc1","fullPath":"author"},"readonly":"!viewModel.stateMachine['editable']","require":false,"disable":false,"placeHolder":"","format":null,"validation":null,"value":null,"maxLength":36,"linkedLabelEnabled":false,"linkedLabelClick":null,"visible":true,"holdPlace":false,"isTextArea":true,"isPassword":false,"tabindex":-1,"hasDefaultFocus":false,"focusState":null,"titleWidth":null,"enableTips":true,"path":"author","enableAppend":false,"inputAppendType":"button","inputAppendDisabled":false,"formatValidation":{"type":"none","expression":"","message":""},"autoHeight":false,"maxHeight":500,"labelAutoOverflow":false,"updateOn":"blur"},{"id":"status_f6cfdbfc_9jxc","type":"EnumField","titleSourceType":"static","title":"目前状态","controlSource":"Farris","appearance":{"class":"col-12 col-md-6 col-xl-3 col-el-2"},"size":null,"binding":{"type":"Form","path":"curtstatus","field":"f6cfdbfc-0667-4e2e-a90b-5cd8edd71c35","fullPath":"Curtstatus"},"placeHolder":"","readonly":"!viewModel.stateMachine['editable']","require":false,"disable":false,"enumData":[{"name":"已借阅","value":"pass"},{"name":"未借阅","value":"none"}],"holdPlace":false,"isTextArea":true,"linkedLabelEnabled":false,"linkedLabelClick":null,"visible":true,"tabindex":-1,"hasDefaultFocus":false,"focusState":null,"titleWidth":null,"idField":"value","textField":"name","multiSelect":false,"uri":"","autoWidth":true,"enableClear":false,"onClear":null,"valueChanged":null,"onShown":null,"onHidden":null,"editable":false,"enableCancelSelected":false,"beforeShow":null,"beforeHide":null,"dataSourceType":"static","path":"curtstatus","viewType":"text","noSearch":false,"maxSearchLength":null,"enableAppend":false,"inputAppendType":"button","inputAppendDisabled":false,"autoHeight":false,"maxHeight":500,"labelAutoOverflow":false,"updateOn":"change"},{"id":"chubandate_36058630_x5jj","type":"DateBox","titleSourceType":"static","title":"出版日期","controlSource":"Farris","appearance":{"class":"col-12 col-md-6 col-xl-3 col-el-2"},"size":null,"binding":{"type":"Form","path":"chubandate","field":"36058630-d4c0-4dc2-9b73-4fe2d1fc05b3","fullPath":"chubandate"},"readonly":"!viewModel.stateMachine['editable']","require":false,"disable":false,"placeHolder":"","validation":null,"value":null,"editable":true,"dateRange":false,"showTime":false,"showType":1,"dateFormat":"yyyy-MM-dd","returnFormat":"yyyy-MM-dd","maxValue":null,"minValue":null,"disableDates":[],"showWeekNumbers":false,"dateRangeDatesDelimiter":"~","shortcuts":[],"fieldType":"Date","useDefault":false,"holdPlace":false,"linkedLabelEnabled":false,"linkedLabelClick":null,"visible":true,"isTextArea":true,"tabindex":-1,"hasDefaultFocus":false,"focusState":null,"titleWidth":null,"localization":false,"path":"chubandate","localizationType":"Date","enableAppend":false,"inputAppendType":"button","inputAppendDisabled":false,"autoHeight":false,"maxHeight":500,"hourStep":1,"minuteStep":1,"secondStep":1,"labelAutoOverflow":false,"updateOn":"blur"}],"controlsInline":true,"formAutoIntl":true,"visible":true,"labelAutoOverflow":false}],"isScrollSpyItem":false,"toolbar":{"type":"SectionToolbar","position":"inHead","contents":[]}}],"visible":true,"afterViewInit":null}],"webcmds":[{"id":"8172a979-2c80-4637-ace7-b13074d3f393","path":"/projects/packages/Inspur.GS.Gsp.Web.WebCmp/webcmd","name":"CardController.webcmd","refedHandlers":[{"host":"e05264fb-796d-43fb-b83b-9e2f3866c328","handler":"Load"},{"host":"246a275c-88c9-4c8a-aa82-be6a950a4325","handler":"LoadAndAdd"},{"host":"70acc053-fa15-45be-851c-cf694e1bcaf7","handler":"LoadAndView"},{"host":"3e72ee6f-8f7b-4f29-aa0e-5887f2861117","handler":"LoadAndEdit"},{"host":"f90aadfa-988c-4da5-a5db-1416c3333794","handler":"Add"},{"host":"a323e27b-b9c6-4848-93b9-f117403a94ff","handler":"Edit"},{"host":"31b814db-01e4-407d-8fad-0f08dbb01999","handler":"Save"},{"host":"4f5ed2ec-8def-4a3c-8e7b-397ea93010e8","handler":"Cancel"},{"host":"c8504c24-33e8-487a-91ce-2218b803fe01","handler":"ChangeItem"},{"host":"4a0cfb1a-1262-41a2-aeb9-c8edd5c09683","handler":"ChangeItem"}],"code":"CardController","nameSpace":"Inspur.GS.Gsp.Web.WebCmp"},{"id":"a7cb7d01-9df1-4a32-8202-99c9d0f4c339","path":null,"name":"ApproveController.webcmd","refedHandlers":[{"host":"0d34f338-b601-4716-8530-493b0752483b","handler":"submitWithBizDefKey"},{"host":"e492063e-a22d-4f23-8aed-7fe139843220","handler":"cancelSubmitWithDataId"}],"code":"ApproveController","nameSpace":"Inspur.GS.Gsp.Web.WebApprove"}],"serviceRefs":[],"projectName":"bo-bookmgr-front","showType":"page","toolbar":{"items":{},"configs":{}},"declarations":{"events":[],"commands":[],"states":[]},"subscriptions":[],"extraImports":[],"expressions":[],"metadataId":"aa1be89d-2fa0-491c-b4c9-b49ad36ccd36","actions":[{"sourceComponent":{"id":"button-add","viewModelId":"root-viewmodel","map":[{"event":{"label":"click","name":"点击事件"},"targetComponent":{"id":"root-component","viewModelId":"root-viewmodel"},"command":{"id":"f90aadfa-988c-4da5-a5db-1416c3333794","label":"Add1","name":"新增一条数据","handlerName":"Add","params":[{"name":"transitionAction","shownName":"状态机动作","value":"Create"}],"cmpId":"8172a979-2c80-4637-ace7-b13074d3f393","isNewGenerated":false,"isInvalid":false},"controller":{"id":"8172a979-2c80-4637-ace7-b13074d3f393","label":"CardController","name":"卡片控制器"}}]}},{"sourceComponent":{"id":"button-edit","viewModelId":"root-viewmodel","map":[{"event":{"label":"click","name":"点击事件"},"targetComponent":{"id":"root-component","viewModelId":"root-viewmodel"},"command":{"id":"a323e27b-b9c6-4848-93b9-f117403a94ff","label":"Edit1","name":"编辑当前数据","handlerName":"Edit","params":[{"name":"transitionAction","shownName":"状态机动作","value":"Edit"}],"cmpId":"8172a979-2c80-4637-ace7-b13074d3f393","isNewGenerated":false,"isInvalid":false},"controller":{"id":"8172a979-2c80-4637-ace7-b13074d3f393","label":"CardController","name":"卡片控制器"}}]}},{"sourceComponent":{"id":"button-save","viewModelId":"root-viewmodel","map":[{"event":{"label":"click","name":"点击事件"},"targetComponent":{"id":"root-component","viewModelId":"root-viewmodel"},"command":{"id":"31b814db-01e4-407d-8fad-0f08dbb01999","label":"Save1","name":"保存变更","handlerName":"Save","params":[{"name":"transitionAction","shownName":"状态机动作","value":"Cancel"}],"cmpId":"8172a979-2c80-4637-ace7-b13074d3f393","isNewGenerated":false,"isInvalid":false},"controller":{"id":"8172a979-2c80-4637-ace7-b13074d3f393","label":"CardController","name":"卡片控制器"}}]}},{"sourceComponent":{"id":"button-cancel","viewModelId":"root-viewmodel","map":[{"event":{"label":"click","name":"点击事件"},"targetComponent":{"id":"root-component","viewModelId":"root-viewmodel"},"command":{"id":"4f5ed2ec-8def-4a3c-8e7b-397ea93010e8","label":"Cancel1","name":"取消变更","handlerName":"Cancel","params":[{"name":"transitionAction","shownName":"状态机动作","value":"Cancel"}],"cmpId":"8172a979-2c80-4637-ace7-b13074d3f393","isNewGenerated":false,"isInvalid":false},"controller":{"id":"8172a979-2c80-4637-ace7-b13074d3f393","label":"CardController","name":"卡片控制器"}}]}},{"sourceComponent":{"id":"button-approve","viewModelId":"root-viewmodel","map":[{"event":{"label":"click","name":"点击事件"},"targetComponent":{"id":"root-component","viewModelId":"root-viewmodel"},"command":{"id":"0d34f338-b601-4716-8530-493b0752483b","label":"submitWithBizDefKey1","name":"提交审批","handlerName":"submitWithBizDefKey","params":[{"name":"dataId","shownName":"表单数据id","value":"{DATA~/basic-form-component/id}"},{"name":"bizDefKey","shownName":"流程分类id","value":""},{"name":"action","shownName":"迁移动作（可选）","value":""}],"cmpId":"a7cb7d01-9df1-4a32-8202-99c9d0f4c339","isNewGenerated":false,"isInvalid":false},"controller":{"id":"a7cb7d01-9df1-4a32-8202-99c9d0f4c339","label":"ApproveController","name":"审批控制器"}}]}},{"sourceComponent":{"id":"button-cancel-approve","viewModelId":"root-viewmodel","map":[{"event":{"label":"click","name":"点击事件"},"targetComponent":{"id":"root-component","viewModelId":"root-viewmodel"},"command":{"id":"e492063e-a22d-4f23-8aed-7fe139843220","label":"cancelSubmitWithDataId1","name":"取消提交","handlerName":"cancelSubmitWithDataId","params":[{"name":"dataId","shownName":"表单数据id","value":"{DATA~/basic-form-component/id}"},{"name":"bizDefKey","shownName":"流程分类id","value":""},{"name":"action","shownName":"迁移动作（可选）","value":""}],"cmpId":"a7cb7d01-9df1-4a32-8202-99c9d0f4c339","isNewGenerated":false,"isInvalid":false},"controller":{"id":"a7cb7d01-9df1-4a32-8202-99c9d0f4c339","label":"ApproveController","name":"审批控制器"}}]}},{"sourceComponent":{"id":"root-component","viewModelId":"root-viewmodel","map":[{"event":{"label":"onInit","name":"初始化事件"},"targetComponent":{"id":"root-component","viewModelId":"root-viewmodel"},"command":{"id":"e05264fb-796d-43fb-b83b-9e2f3866c328","label":"Load1","name":"执行加载页面后初始方法","handlerName":"Load","params":[{"name":"action","shownName":"初始方法","value":"{UISTATE~/#{root-component}/action}"}],"cmpId":"8172a979-2c80-4637-ace7-b13074d3f393","isNewGenerated":false,"isInvalid":false},"controller":{"id":"8172a979-2c80-4637-ace7-b13074d3f393","label":"CardController","name":"卡片控制器"}}]}}]},"options":{"enableTextArea":true,"renderMode":"compile","enableDeleteSourceCode":true,"changeSetPolicy":"valid","enableServerSideChangeDetection":false}}