{"root-component":{"name":""},"root-layout":{"name":""},"page-header":{"name":""},"header-nav":{"name":""},"header-title-container":{"name":""},"page-header-title":{"name":""},"title":{"name":"图书信息管理"},"page-header-toolbar":{"name":""},"button-add":{"name":"新增"},"button-edit":{"name":"编辑"},"button-save":{"name":"保存"},"button-cancel":{"name":"取消"},"main-container":{"name":""},"like-card-container":{"name":""},"basic-form-component-ref":{"name":""},"basic-form-component":{"name":""},"basic-form-section":{"name":""},"Section/basic-form-section/mainTitle":{"name":"基本信息"},"Section/basic-form-section/subTitle":{"name":""},"basic-form-layout":{"name":""},"basic-table":{"name":""}}