{"moduleName":null,"summaries":[{"symbol":{"__symbol":0,"members":[]},"metadata":{"__symbolic":"class","extends":{"__symbol":1,"members":[]},"members":{"id":[{"__symbolic":"property","decorators":[{"__symbolic":"call","expression":{"__symbol":2,"members":[]},"arguments":[{"originalDataField":"ID","dataField":"id","primary":true,"originalDataFieldType":"String","initValue":"","path":"ID","validRules":[{"type":"required","constraints":[true]},{"type":"maxLength","constraints":[36],"message":"最大长度为36"}]}]}]}],"version":[{"__symbolic":"property","decorators":[{"__symbolic":"call","expression":{"__symbol":2,"members":[]},"arguments":[{"originalDataField":"Version","dataField":"version","originalDataFieldType":"DateTime","initValue":"0001-01-01T00:00:00","path":"Version","enableTimeZone":true}]}]}],"name":[{"__symbolic":"property","decorators":[{"__symbolic":"call","expression":{"__symbol":2,"members":[]},"arguments":[{"originalDataField":"name","dataField":"name","originalDataFieldType":"String","initValue":"","path":"name","validRules":[{"type":"maxLength","constraints":[36],"message":"最大长度为36"}]}]}]}],"age":[{"__symbolic":"property","decorators":[{"__symbolic":"call","expression":{"__symbol":2,"members":[]},"arguments":[{"originalDataField":"age","dataField":"age","originalDataFieldType":"Number","initValue":0,"path":"age"}]}]}],"sex":[{"__symbolic":"property","decorators":[{"__symbolic":"call","expression":{"__symbol":2,"members":[]},"arguments":[{"originalDataField":"sex","dataField":"sex","originalDataFieldType":"Enum","defaultValue":"","initValue":"Nan","path":"sex"}]}]}],"phone":[{"__symbolic":"property","decorators":[{"__symbolic":"call","expression":{"__symbol":2,"members":[]},"arguments":[{"originalDataField":"phone","dataField":"phone","originalDataFieldType":"String","initValue":"","path":"phone","validRules":[{"type":"maxLength","constraints":[36],"message":"最大长度为36"}]}]}]}],"regdate":[{"__symbolic":"property","decorators":[{"__symbolic":"call","expression":{"__symbol":2,"members":[]},"arguments":[{"originalDataField":"regdate","dataField":"regdate","originalDataFieldType":"Date","initValue":"0001-01-01T00:00:00","path":"regdate"}]}]}],"jyjls":[{"__symbolic":"property","decorators":[{"__symbolic":"call","expression":{"__symbol":3,"members":[]},"arguments":[{"dataField":"jyjls","originalDataField":"","type":{"__symbol":4,"members":[]}}]}]}],"billStatus":[{"__symbolic":"property","decorators":[{"__symbolic":"call","expression":{"__symbol":5,"members":[]},"arguments":[{"dataField":"billStatus","originalDataField":"BillStatus","type":{"__symbol":6,"members":[]}}]}]}],"processInstance":[{"__symbolic":"property","decorators":[{"__symbolic":"call","expression":{"__symbol":5,"members":[]},"arguments":[{"dataField":"processInstance","originalDataField":"ProcessInstance","type":{"__symbol":7,"members":[]}}]}]}],"readerid":[{"__symbolic":"property","decorators":[{"__symbolic":"call","expression":{"__symbol":5,"members":[]},"arguments":[{"dataField":"readerid","originalDataField":"readerid","type":{"__symbol":8,"members":[]}}]}]}],"department":[{"__symbolic":"property","decorators":[{"__symbolic":"call","expression":{"__symbol":5,"members":[]},"arguments":[{"dataField":"department","originalDataField":"department","type":{"__symbol":9,"members":[]}}]}]}]}}}],"symbols":[{"__symbol":0,"name":"DZXXGL1018Entity","filePath":"./dzxxgl1018entity"},{"__symbol":1,"name":"Entity","filePath":"@farris/devkit"},{"__symbol":2,"name":"NgField","filePath":"@farris/devkit"},{"__symbol":3,"name":"NgList","filePath":"@farris/devkit"},{"__symbol":4,"name":"JYJLEntity","filePath":"./jyjlentity"},{"__symbol":5,"name":"NgObject","filePath":"@farris/devkit"},{"__symbol":6,"name":"BillState6654Entity","filePath":"./billstate6654entity"},{"__symbol":7,"name":"ProcessInstance81aaEntity","filePath":"./processinstance81aaentity"},{"__symbol":8,"name":"GspUser6190Entity","filePath":"./gspuser6190entity"},{"__symbol":9,"name":"SysOrg2e87Entity","filePath":"./sysorg2e87entity"}]}