{"moduleName":null,"summaries":[{"symbol":{"__symbol":0,"members":[]},"metadata":{"__symbolic":"class","extends":{"__symbol":1,"members":[]},"members":{"readerid":[{"__symbolic":"property","decorators":[{"__symbolic":"call","expression":{"__symbol":2,"members":[]},"arguments":[{"originalDataField":"readerid","dataField":"readerid","primary":true,"originalDataFieldType":"String","initValue":"","path":"readerid.readerid","validRules":[{"type":"maxLength","constraints":[36],"message":"最大长度为36"}]}]}]}],"readerid_ID":[{"__symbolic":"property","decorators":[{"__symbolic":"call","expression":{"__symbol":2,"members":[]},"arguments":[{"originalDataField":"ID","dataField":"readerid_ID","originalDataFieldType":"String","initValue":"","path":"readerid.readerid_ID","validRules":[{"type":"maxLength","constraints":[36],"message":"最大长度为36"}]}]}]}],"readerid_Name":[{"__symbolic":"property","decorators":[{"__symbolic":"call","expression":{"__symbol":2,"members":[]},"arguments":[{"originalDataField":"Name","dataField":"readerid_Name","originalDataFieldType":"String","initValue":"","path":"readerid.readerid_Name","validRules":[{"type":"maxLength","constraints":[36],"message":"最大长度为36"}]}]}]}],"readerid_Code":[{"__symbolic":"property","decorators":[{"__symbolic":"call","expression":{"__symbol":2,"members":[]},"arguments":[{"originalDataField":"Code","dataField":"readerid_Code","originalDataFieldType":"String","initValue":"","path":"readerid.readerid_Code","validRules":[{"type":"maxLength","constraints":[36],"message":"最大长度为36"}]}]}]}]}}}],"symbols":[{"__symbol":0,"name":"GspUser6190Entity","filePath":"./gspuser6190entity"},{"__symbol":1,"name":"Entity","filePath":"@farris/devkit"},{"__symbol":2,"name":"NgField","filePath":"@farris/devkit"}]}