{"moduleName":null,"summaries":[{"symbol":{"__symbol":0,"members":[]},"metadata":{"__symbolic":"class","extends":{"__symbol":1,"members":[]},"members":{"id":[{"__symbolic":"property","decorators":[{"__symbolic":"call","expression":{"__symbol":2,"members":[]},"arguments":[{"originalDataField":"ID","dataField":"id","primary":true,"originalDataFieldType":"String","initValue":"","path":"ID","validRules":[{"type":"required","constraints":[true]},{"type":"maxLength","constraints":[36],"message":"最大长度为36"}]}]}]}],"parentID":[{"__symbolic":"property","decorators":[{"__symbolic":"call","expression":{"__symbol":2,"members":[]},"arguments":[{"originalDataField":"ParentID","dataField":"parentID","originalDataFieldType":"String","initValue":"","path":"ParentID","validRules":[{"type":"required","constraints":[true]},{"type":"maxLength","constraints":[36],"message":"最大长度为36"}]}]}]}],"bookid":[{"__symbolic":"property","decorators":[{"__symbolic":"call","expression":{"__symbol":2,"members":[]},"arguments":[{"originalDataField":"bookid","dataField":"bookid","originalDataFieldType":"String","initValue":"","path":"bookid","validRules":[{"type":"maxLength","constraints":[36],"message":"最大长度为36"}]}]}]}],"jysj":[{"__symbolic":"property","decorators":[{"__symbolic":"call","expression":{"__symbol":2,"members":[]},"arguments":[{"originalDataField":"jysj","dataField":"jysj","originalDataFieldType":"Date","initValue":"0001-01-01T00:00:00","path":"jysj"}]}]}],"ragtime":[{"__symbolic":"property","decorators":[{"__symbolic":"call","expression":{"__symbol":2,"members":[]},"arguments":[{"originalDataField":"ragtime","dataField":"ragtime","originalDataFieldType":"Date","initValue":"0001-01-01T00:00:00","path":"ragtime"}]}]}],"ragstatus":[{"__symbolic":"property","decorators":[{"__symbolic":"call","expression":{"__symbol":2,"members":[]},"arguments":[{"originalDataField":"ragstatus","dataField":"ragstatus","originalDataFieldType":"Enum","defaultValue":"","initValue":"passed","path":"ragstatus"}]}]}],"author":[{"__symbolic":"property","decorators":[{"__symbolic":"call","expression":{"__symbol":2,"members":[]},"arguments":[{"originalDataField":"author","dataField":"author","originalDataFieldType":"String","initValue":"","path":"author","validRules":[{"type":"maxLength","constraints":[36],"message":"最大长度为36"}]}]}]}],"money":[{"__symbolic":"property","decorators":[{"__symbolic":"call","expression":{"__symbol":2,"members":[]},"arguments":[{"originalDataField":"money","dataField":"money","originalDataFieldType":"Number","initValue":0,"path":"money"}]}]}],"bookname":[{"__symbolic":"property","decorators":[{"__symbolic":"call","expression":{"__symbol":3,"members":[]},"arguments":[{"dataField":"bookname","originalDataField":"bookname","type":{"__symbol":4,"members":[]}}]}]}]}}}],"symbols":[{"__symbol":0,"name":"JYJLEntity","filePath":"./jyjlentity"},{"__symbol":1,"name":"Entity","filePath":"@farris/devkit"},{"__symbol":2,"name":"NgField","filePath":"@farris/devkit"},{"__symbol":3,"name":"NgObject","filePath":"@farris/devkit"},{"__symbol":4,"name":"TSGL4a5bEntity","filePath":"./tsgl4a5bentity"}]}