{"moduleName":null,"summaries":[{"symbol":{"__symbol":0,"members":[]},"metadata":{"__symbolic":"class","extends":{"__symbol":1,"members":[]},"members":{"department":[{"__symbolic":"property","decorators":[{"__symbolic":"call","expression":{"__symbol":2,"members":[]},"arguments":[{"originalDataField":"department","dataField":"department","primary":true,"originalDataFieldType":"String","initValue":"","path":"department.department","validRules":[{"type":"maxLength","constraints":[36],"message":"最大长度为36"}]}]}]}],"department_ID":[{"__symbolic":"property","decorators":[{"__symbolic":"call","expression":{"__symbol":2,"members":[]},"arguments":[{"originalDataField":"ID","dataField":"department_ID","originalDataFieldType":"String","initValue":"","path":"department.department_ID","validRules":[{"type":"maxLength","constraints":[36],"message":"最大长度为36"}]}]}]}],"department_code":[{"__symbolic":"property","decorators":[{"__symbolic":"call","expression":{"__symbol":2,"members":[]},"arguments":[{"originalDataField":"code","dataField":"department_code","originalDataFieldType":"String","initValue":"","path":"department.department_code","validRules":[{"type":"maxLength","constraints":[100],"message":"最大长度为100"}]}]}]}],"department_name":[{"__symbolic":"property","decorators":[{"__symbolic":"call","expression":{"__symbol":2,"members":[]},"arguments":[{"originalDataField":"name","dataField":"department_name","originalDataFieldType":"String","initValue":"","path":"department.department_name","validRules":[{"type":"maxLength","constraints":[100],"message":"最大长度为100"}]}]}]}]}}}],"symbols":[{"__symbol":0,"name":"SysOrg2e87Entity","filePath":"./sysorg2e87entity"},{"__symbol":1,"name":"Entity","filePath":"@farris/devkit"},{"__symbol":2,"name":"NgField","filePath":"@farris/devkit"}]}