{"moduleName":null,"summaries":[{"symbol":{"__symbol":0,"members":[]},"metadata":{"__symbolic":"class","extends":{"__symbol":1,"members":[]},"members":{"bookname":[{"__symbolic":"property","decorators":[{"__symbolic":"call","expression":{"__symbol":2,"members":[]},"arguments":[{"originalDataField":"bookname","dataField":"bookname","primary":true,"originalDataFieldType":"String","initValue":"","path":"bookname.bookname","validRules":[{"type":"maxLength","constraints":[36],"message":"最大长度为36"}]}]}]}],"bookname_Title":[{"__symbolic":"property","decorators":[{"__symbolic":"call","expression":{"__symbol":2,"members":[]},"arguments":[{"originalDataField":"Title","dataField":"bookname_Title","originalDataFieldType":"String","initValue":"","path":"bookname.bookname_Title","validRules":[{"type":"maxLength","constraints":[36],"message":"最大长度为36"}]}]}]}],"bookname_ISBN":[{"__symbolic":"property","decorators":[{"__symbolic":"call","expression":{"__symbol":2,"members":[]},"arguments":[{"originalDataField":"ISBN","dataField":"bookname_ISBN","originalDataFieldType":"String","initValue":"","path":"bookname.bookname_ISBN","validRules":[{"type":"maxLength","constraints":[36],"message":"最大长度为36"}]}]}]}],"bookname_paydate":[{"__symbolic":"property","decorators":[{"__symbolic":"call","expression":{"__symbol":2,"members":[]},"arguments":[{"originalDataField":"paydate","dataField":"bookname_paydate","originalDataFieldType":"Date","initValue":"0001-01-01T00:00:00","path":"bookname.bookname_paydate"}]}]}],"bookname_author":[{"__symbolic":"property","decorators":[{"__symbolic":"call","expression":{"__symbol":2,"members":[]},"arguments":[{"originalDataField":"author","dataField":"bookname_author","originalDataFieldType":"String","initValue":"","path":"bookname.bookname_author","validRules":[{"type":"maxLength","constraints":[36],"message":"最大长度为36"}]}]}]}]}}}],"symbols":[{"__symbol":0,"name":"TSGL4a5bEntity","filePath":"./tsgl4a5bentity"},{"__symbol":1,"name":"Entity","filePath":"@farris/devkit"},{"__symbol":2,"name":"NgField","filePath":"@farris/devkit"}]}