{"moduleName":null,"summaries":[{"symbol":{"__symbol":0,"members":[]},"metadata":{"__symbolic":"class","extends":{"__symbol":1,"members":[]},"members":{"id":[{"__symbolic":"property","decorators":[{"__symbolic":"call","expression":{"__symbol":2,"members":[]},"arguments":[{"originalDataField":"ID","dataField":"id","primary":true,"originalDataFieldType":"String","initValue":"","path":"ID","validRules":[{"type":"required","constraints":[true]},{"type":"maxLength","constraints":[36],"message":"最大长度为36"}]}]}]}],"version":[{"__symbolic":"property","decorators":[{"__symbolic":"call","expression":{"__symbol":2,"members":[]},"arguments":[{"originalDataField":"Version","dataField":"version","originalDataFieldType":"DateTime","initValue":"0001-01-01T00:00:00","path":"Version","enableTimeZone":true}]}]}],"readerid":[{"__symbolic":"property","decorators":[{"__symbolic":"call","expression":{"__symbol":2,"members":[]},"arguments":[{"originalDataField":"Readerid","dataField":"readerid","originalDataFieldType":"Number","initValue":0,"path":"Readerid"}]}]}],"name":[{"__symbolic":"property","decorators":[{"__symbolic":"call","expression":{"__symbol":2,"members":[]},"arguments":[{"originalDataField":"name","dataField":"name","originalDataFieldType":"String","initValue":"","path":"name","validRules":[{"type":"maxLength","constraints":[36],"message":"最大长度为36"}]}]}]}],"age":[{"__symbolic":"property","decorators":[{"__symbolic":"call","expression":{"__symbol":2,"members":[]},"arguments":[{"originalDataField":"age","dataField":"age","originalDataFieldType":"Number","initValue":0,"path":"age"}]}]}],"sexy":[{"__symbolic":"property","decorators":[{"__symbolic":"call","expression":{"__symbol":2,"members":[]},"arguments":[{"originalDataField":"sexy","dataField":"sexy","originalDataFieldType":"String","initValue":"","path":"sexy","validRules":[{"type":"maxLength","constraints":[36],"message":"最大长度为36"}]}]}]}],"phone":[{"__symbolic":"property","decorators":[{"__symbolic":"call","expression":{"__symbol":2,"members":[]},"arguments":[{"originalDataField":"phone","dataField":"phone","originalDataFieldType":"Number","initValue":0,"path":"phone"}]}]}],"department":[{"__symbolic":"property","decorators":[{"__symbolic":"call","expression":{"__symbol":2,"members":[]},"arguments":[{"originalDataField":"department","dataField":"department","originalDataFieldType":"String","initValue":"","path":"department","validRules":[{"type":"maxLength","constraints":[36],"message":"最大长度为36"}]}]}]}],"regdate":[{"__symbolic":"property","decorators":[{"__symbolic":"call","expression":{"__symbol":2,"members":[]},"arguments":[{"originalDataField":"regdate","dataField":"regdate","originalDataFieldType":"Date","initValue":"0001-01-01T00:00:00","path":"regdate"}]}]}]}}}],"symbols":[{"__symbol":0,"name":"DZXXGLEntity","filePath":"./dzxxglentity"},{"__symbol":1,"name":"Entity","filePath":"@farris/devkit"},{"__symbol":2,"name":"NgField","filePath":"@farris/devkit"}]}