{"moduleName":null,"summaries":[{"symbol":{"__symbol":0,"members":[]},"metadata":{"__symbolic":"class","extends":{"__symbol":1,"members":[]},"members":{"bookid":[{"__symbolic":"property","decorators":[{"__symbolic":"call","expression":{"__symbol":2,"members":[]},"arguments":[{"id":"bookid_56d54438_37p9","name":"{{bookid_56d54438_37p9}}","binding":"bookid","updateOn":"blur","defaultI18nValue":"编号","validRules":[{"type":"matches","constraints":[""]}]}]}]}],"bookname":[{"__symbolic":"property","decorators":[{"__symbolic":"call","expression":{"__symbol":2,"members":[]},"arguments":[{"id":"bookname_d4be1e84_orrj","name":"{{bookname_d4be1e84_orrj}}","binding":"bookname","updateOn":"blur","defaultI18nValue":"名称","validRules":[{"type":"matches","constraints":[""]}]}]}]}],"bookcategories":[{"__symbolic":"property","decorators":[{"__symbolic":"call","expression":{"__symbol":2,"members":[]},"arguments":[{"id":"bookcategories_dd17bbb0_rvio","name":"{{bookcategories_dd17bbb0_rvio}}","binding":"bookcategories","updateOn":"blur","defaultI18nValue":"图书分类"}]}]}],"author":[{"__symbolic":"property","decorators":[{"__symbolic":"call","expression":{"__symbol":2,"members":[]},"arguments":[{"id":"author_22364c01_feym","name":"{{author_22364c01_feym}}","binding":"author","updateOn":"blur","defaultI18nValue":"作者","validRules":[{"type":"matches","constraints":[""]}]}]}]}],"curtstatus":[{"__symbolic":"property","decorators":[{"__symbolic":"call","expression":{"__symbol":2,"members":[]},"arguments":[{"id":"curtstatus_dcd5223b_8s0r","name":"{{curtstatus_dcd5223b_8s0r}}","binding":"curtstatus","updateOn":"change","defaultI18nValue":"目前状态"}]}]}],"chubandate":[{"__symbolic":"property","decorators":[{"__symbolic":"call","expression":{"__symbol":2,"members":[]},"arguments":[{"id":"chubandate_afe65f29_9s5u","name":"{{chubandate_afe65f29_9s5u}}","binding":"chubandate","updateOn":"blur","valueConverter":{"__symbolic":"new","expression":{"__symbol":3,"members":[]},"arguments":["yyyy-MM-dd"]},"defaultI18nValue":"出版日期"}]}]}]}},"type":{"summaryKind":3,"type":{"reference":{"__symbol":0,"members":[]},"diDeps":[],"lifecycleHooks":[1]}}}],"symbols":[{"__symbol":0,"name":"BasicFormViewmodelForm","filePath":"./basicformviewmodelform"},{"__symbol":1,"name":"Form","filePath":"@farris/devkit"},{"__symbol":2,"name":"NgFormControl","filePath":"@farris/devkit"},{"__symbol":3,"name":"DateConverter","filePath":"@farris/kendo-binding"}]}