{"moduleName":null,"summaries":[{"symbol":{"__symbol":0,"members":[]},"metadata":{"__symbolic":"function","parameters":["compilerFactory"],"value":{"__symbolic":"call","expression":{"__symbolic":"select","expression":{"__symbolic":"reference","name":"compilerFactory"},"member":"createCompiler"}}}},{"symbol":{"__symbol":1,"members":[]},"metadata":{"__symbolic":"binop","operator":"||","left":{"__symbolic":"call","expression":{"__symbolic":"select","member":"getItem"},"arguments":["languageCode"]},"right":"zh-CHS"}},{"symbol":{"__symbol":2,"members":[]},"metadata":{}},{"symbol":{"__symbol":3,"members":[]},"metadata":{"factoryPathPrefix":"","factoryPathSuffix":".js"}},{"symbol":{"__symbol":4,"members":[]},"metadata":{"__symbolic":"class","members":{"__ctor__":[{"__symbolic":"constructor","parameters":[{"__symbol":5,"members":[]}]}],"getQueryStringMap":[{"__symbolic":"method"}]}},"type":{"summaryKind":2,"type":{"reference":{"__symbol":4,"members":[]},"diDeps":[{"isAttribute":false,"isHost":false,"isSelf":false,"isSkipSelf":false,"isOptional":false,"token":{"identifier":{"reference":{"__symbol":5,"members":[]}}}}],"lifecycleHooks":[]},"entryComponents":[{"componentType":{"__symbol":6,"members":[]},"componentFactory":{"__symbol":7,"members":[]}},{"componentType":{"__symbol":8,"members":[]},"componentFactory":{"__symbol":9,"members":[]}}],"providers":[{"provider":{"token":{"identifier":{"reference":{"__symbol":10,"members":[]}}},"useClass":{"reference":{"__symbol":11,"members":[]},"diDeps":[{"isAttribute":false,"isHost":false,"isSelf":false,"isSkipSelf":false,"isOptional":false,"token":{"identifier":{"reference":{"__symbol":12,"members":[]}}}},{"isAttribute":false,"isHost":false,"isSelf":false,"isSkipSelf":false,"isOptional":true,"token":{"identifier":{"reference":{"__symbol":13,"members":[]}}}}],"lifecycleHooks":[]},"useFactory":null,"deps":[{"isAttribute":false,"isHost":false,"isSelf":false,"isSkipSelf":false,"isOptional":false,"token":{"identifier":{"reference":{"__symbol":12,"members":[]}}}},{"isAttribute":false,"isHost":false,"isSelf":false,"isSkipSelf":false,"isOptional":true,"token":{"identifier":{"reference":{"__symbol":13,"members":[]}}}}],"multi":false},"module":{"reference":{"__symbol":14,"members":[]},"diDeps":[],"lifecycleHooks":[]}},{"provider":{"token":{"identifier":{"reference":{"__symbol":15,"members":[]},"diDeps":[{"isAttribute":false,"isHost":false,"isSelf":false,"isSkipSelf":false,"isOptional":false,"token":{"identifier":{"reference":{"__symbol":16,"members":[]}}}},{"isAttribute":false,"isHost":false,"isSelf":false,"isSkipSelf":false,"isOptional":false,"token":{"identifier":{"reference":{"__symbol":17,"members":[]}}}},{"isAttribute":false,"isHost":false,"isSelf":false,"isSkipSelf":false,"isOptional":false,"token":{"identifier":{"reference":{"__symbol":18,"members":[]}}}},{"isAttribute":false,"isHost":false,"isSelf":false,"isSkipSelf":false,"isOptional":false,"token":{"identifier":{"reference":{"__symbol":19,"members":[]}}}},{"isAttribute":false,"isHost":false,"isSelf":false,"isSkipSelf":false,"isOptional":false,"token":{"identifier":{"reference":{"__symbol":20,"members":[]}}}},{"isAttribute":false,"isHost":false,"isSelf":false,"isSkipSelf":false,"isOptional":false,"token":{"identifier":{"reference":{"__symbol":21,"members":[]}}}}],"lifecycleHooks":[1]}},"useClass":{"reference":{"__symbol":15,"members":[]},"diDeps":[{"isAttribute":false,"isHost":false,"isSelf":false,"isSkipSelf":false,"isOptional":false,"token":{"identifier":{"reference":{"__symbol":16,"members":[]}}}},{"isAttribute":false,"isHost":false,"isSelf":false,"isSkipSelf":false,"isOptional":false,"token":{"identifier":{"reference":{"__symbol":17,"members":[]}}}},{"isAttribute":false,"isHost":false,"isSelf":false,"isSkipSelf":false,"isOptional":false,"token":{"identifier":{"reference":{"__symbol":18,"members":[]}}}},{"isAttribute":false,"isHost":false,"isSelf":false,"isSkipSelf":false,"isOptional":false,"token":{"identifier":{"reference":{"__symbol":19,"members":[]}}}},{"isAttribute":false,"isHost":false,"isSelf":false,"isSkipSelf":false,"isOptional":false,"token":{"identifier":{"reference":{"__symbol":20,"members":[]}}}},{"isAttribute":false,"isHost":false,"isSelf":false,"isSkipSelf":false,"isOptional":false,"token":{"identifier":{"reference":{"__symbol":21,"members":[]}}}}],"lifecycleHooks":[1]},"useFactory":null,"deps":[{"isAttribute":false,"isHost":false,"isSelf":false,"isSkipSelf":false,"isOptional":false,"token":{"identifier":{"reference":{"__symbol":16,"members":[]}}}},{"isAttribute":false,"isHost":false,"isSelf":false,"isSkipSelf":false,"isOptional":false,"token":{"identifier":{"reference":{"__symbol":17,"members":[]}}}},{"isAttribute":false,"isHost":false,"isSelf":false,"isSkipSelf":false,"isOptional":false,"token":{"identifier":{"reference":{"__symbol":18,"members":[]}}}},{"isAttribute":false,"isHost":false,"isSelf":false,"isSkipSelf":false,"isOptional":false,"token":{"identifier":{"reference":{"__symbol":19,"members":[]}}}},{"isAttribute":false,"isHost":false,"isSelf":false,"isSkipSelf":false,"isOptional":false,"token":{"identifier":{"reference":{"__symbol":20,"members":[]}}}},{"isAttribute":false,"isHost":false,"isSelf":false,"isSkipSelf":false,"isOptional":false,"token":{"identifier":{"reference":{"__symbol":21,"members":[]}}}}],"multi":false},"module":{"reference":{"__symbol":22,"members":[]},"diDeps":[{"isAttribute":false,"isHost":false,"isSelf":false,"isSkipSelf":false,"isOptional":false,"token":{"identifier":{"reference":{"__symbol":15,"members":[]}}}}],"lifecycleHooks":[]}},{"provider":{"token":{"identifier":{"reference":{"__symbol":21,"members":[]},"diDeps":[{"isAttribute":false,"isHost":false,"isSelf":false,"isSkipSelf":false,"isOptional":true,"token":{"identifier":{"reference":{"__symbol":23,"members":[]}}}}],"lifecycleHooks":[]}},"useClass":{"reference":{"__symbol":21,"members":[]},"diDeps":[{"isAttribute":false,"isHost":false,"isSelf":false,"isSkipSelf":false,"isOptional":true,"token":{"identifier":{"reference":{"__symbol":23,"members":[]}}}}],"lifecycleHooks":[]},"useFactory":null,"deps":[{"isAttribute":false,"isHost":false,"isSelf":false,"isSkipSelf":false,"isOptional":true,"token":{"identifier":{"reference":{"__symbol":23,"members":[]}}}}],"multi":false},"module":{"reference":{"__symbol":22,"members":[]},"diDeps":[{"isAttribute":false,"isHost":false,"isSelf":false,"isSkipSelf":false,"isOptional":false,"token":{"identifier":{"reference":{"__symbol":15,"members":[]}}}}],"lifecycleHooks":[]}},{"provider":{"token":{"identifier":{"reference":{"__symbol":24,"members":[]},"diDeps":[],"lifecycleHooks":[]}},"useClass":{"reference":{"__symbol":24,"members":[]},"diDeps":[],"lifecycleHooks":[]},"useFactory":null,"deps":[],"multi":false},"module":{"reference":{"__symbol":22,"members":[]},"diDeps":[{"isAttribute":false,"isHost":false,"isSelf":false,"isSkipSelf":false,"isOptional":false,"token":{"identifier":{"reference":{"__symbol":15,"members":[]}}}}],"lifecycleHooks":[]}},{"provider":{"token":{"identifier":{"reference":{"__symbol":25,"members":[]}}},"useClass":null,"useFactory":{"reference":{"__symbol":26,"members":[]},"diDeps":[]},"deps":[],"multi":false},"module":{"reference":{"__symbol":22,"members":[]},"diDeps":[{"isAttribute":false,"isHost":false,"isSelf":false,"isSkipSelf":false,"isOptional":false,"token":{"identifier":{"reference":{"__symbol":15,"members":[]}}}}],"lifecycleHooks":[]}},{"provider":{"token":{"identifier":{"reference":{"__symbol":27,"members":[]}}},"useClass":null,"useFactory":{"reference":{"__symbol":28,"members":[]},"diDeps":[]},"deps":[],"multi":false},"module":{"reference":{"__symbol":22,"members":[]},"diDeps":[{"isAttribute":false,"isHost":false,"isSelf":false,"isSkipSelf":false,"isOptional":false,"token":{"identifier":{"reference":{"__symbol":15,"members":[]}}}}],"lifecycleHooks":[]}},{"provider":{"token":{"identifier":{"reference":{"__symbol":29,"members":[]}}},"useClass":null,"useFactory":{"reference":{"__symbol":30,"members":[]},"diDeps":[]},"deps":[],"multi":false},"module":{"reference":{"__symbol":22,"members":[]},"diDeps":[{"isAttribute":false,"isHost":false,"isSelf":false,"isSkipSelf":false,"isOptional":false,"token":{"identifier":{"reference":{"__symbol":15,"members":[]}}}}],"lifecycleHooks":[]}},{"provider":{"token":{"identifier":{"reference":{"__symbol":12,"members":[]}}},"useClass":null,"useFactory":{"reference":{"__symbol":31,"members":[]},"diDeps":[{"isAttribute":false,"isHost":false,"isSelf":false,"isSkipSelf":true,"isOptional":true,"token":{"identifier":{"reference":{"__symbol":12,"members":[]}}}}]},"deps":[{"isAttribute":false,"isHost":false,"isSelf":false,"isSkipSelf":true,"isOptional":true,"token":{"identifier":{"reference":{"__symbol":12,"members":[]}}}}],"multi":false},"module":{"reference":{"__symbol":22,"members":[]},"diDeps":[{"isAttribute":false,"isHost":false,"isSelf":false,"isSkipSelf":false,"isOptional":false,"token":{"identifier":{"reference":{"__symbol":15,"members":[]}}}}],"lifecycleHooks":[]}},{"provider":{"token":{"identifier":{"reference":{"__symbol":32,"members":[]}}},"useClass":null,"useFactory":null,"useExisting":{"identifier":{"reference":{"__symbol":33,"members":[]}}},"multi":false},"module":{"reference":{"__symbol":34,"members":[]},"diDeps":[{"isAttribute":false,"isHost":false,"isSelf":false,"isSkipSelf":true,"isOptional":true,"token":{"identifier":{"reference":{"__symbol":34,"members":[]}}}}],"lifecycleHooks":[]}},{"provider":{"token":{"identifier":{"reference":{"__symbol":33,"members":[]}}},"useClass":{"reference":{"__symbol":35,"members":[]},"diDeps":[{"isAttribute":false,"isHost":false,"isSelf":false,"isSkipSelf":false,"isOptional":false,"token":{"identifier":{"reference":{"__symbol":36,"members":[]}}}}],"lifecycleHooks":[]},"useFactory":null,"deps":[{"isAttribute":false,"isHost":false,"isSelf":false,"isSkipSelf":false,"isOptional":false,"token":{"identifier":{"reference":{"__symbol":36,"members":[]}}}}],"multi":false},"module":{"reference":{"__symbol":34,"members":[]},"diDeps":[{"isAttribute":false,"isHost":false,"isSelf":false,"isSkipSelf":true,"isOptional":true,"token":{"identifier":{"reference":{"__symbol":34,"members":[]}}}}],"lifecycleHooks":[]}},{"provider":{"token":{"identifier":{"reference":{"__symbol":37,"members":[]}}},"useClass":null,"useValue":true,"useFactory":null,"multi":false},"module":{"reference":{"__symbol":34,"members":[]},"diDeps":[{"isAttribute":false,"isHost":false,"isSelf":false,"isSkipSelf":true,"isOptional":true,"token":{"identifier":{"reference":{"__symbol":34,"members":[]}}}}],"lifecycleHooks":[]}},{"provider":{"token":{"identifier":{"reference":{"__symbol":19,"members":[]}}},"useClass":null,"useFactory":{"reference":{"__symbol":38,"members":[]},"diDeps":[]},"deps":[],"multi":false},"module":{"reference":{"__symbol":34,"members":[]},"diDeps":[{"isAttribute":false,"isHost":false,"isSelf":false,"isSkipSelf":true,"isOptional":true,"token":{"identifier":{"reference":{"__symbol":34,"members":[]}}}}],"lifecycleHooks":[]}},{"provider":{"token":{"identifier":{"reference":{"__symbol":39,"members":[]}}},"useClass":{"reference":{"__symbol":40,"members":[]},"diDeps":[{"isAttribute":false,"isHost":false,"isSelf":false,"isSkipSelf":false,"isOptional":false,"token":{"identifier":{"reference":{"__symbol":36,"members":[]}}}},{"isAttribute":false,"isHost":false,"isSelf":false,"isSkipSelf":false,"isOptional":false,"token":{"identifier":{"reference":{"__symbol":16,"members":[]}}}},{"isAttribute":false,"isHost":false,"isSelf":false,"isSkipSelf":false,"isOptional":false,"token":{"identifier":{"reference":{"__symbol":41,"members":[]}}}}],"lifecycleHooks":[]},"useFactory":null,"deps":[{"isAttribute":false,"isHost":false,"isSelf":false,"isSkipSelf":false,"isOptional":false,"token":{"identifier":{"reference":{"__symbol":36,"members":[]}}}},{"isAttribute":false,"isHost":false,"isSelf":false,"isSkipSelf":false,"isOptional":false,"token":{"identifier":{"reference":{"__symbol":16,"members":[]}}}},{"isAttribute":false,"isHost":false,"isSelf":false,"isSkipSelf":false,"isOptional":false,"token":{"identifier":{"reference":{"__symbol":41,"members":[]}}}}],"multi":true},"module":{"reference":{"__symbol":34,"members":[]},"diDeps":[{"isAttribute":false,"isHost":false,"isSelf":false,"isSkipSelf":true,"isOptional":true,"token":{"identifier":{"reference":{"__symbol":34,"members":[]}}}}],"lifecycleHooks":[]}},{"provider":{"token":{"identifier":{"reference":{"__symbol":39,"members":[]}}},"useClass":{"reference":{"__symbol":42,"members":[]},"diDeps":[{"isAttribute":false,"isHost":false,"isSelf":false,"isSkipSelf":false,"isOptional":false,"token":{"identifier":{"reference":{"__symbol":36,"members":[]}}}}],"lifecycleHooks":[]},"useFactory":null,"deps":[{"isAttribute":false,"isHost":false,"isSelf":false,"isSkipSelf":false,"isOptional":false,"token":{"identifier":{"reference":{"__symbol":36,"members":[]}}}}],"multi":true},"module":{"reference":{"__symbol":34,"members":[]},"diDeps":[{"isAttribute":false,"isHost":false,"isSelf":false,"isSkipSelf":true,"isOptional":true,"token":{"identifier":{"reference":{"__symbol":34,"members":[]}}}}],"lifecycleHooks":[]}},{"provider":{"token":{"identifier":{"reference":{"__symbol":39,"members":[]}}},"useClass":{"reference":{"__symbol":43,"members":[]},"diDeps":[{"isAttribute":false,"isHost":false,"isSelf":false,"isSkipSelf":false,"isOptional":false,"token":{"identifier":{"reference":{"__symbol":36,"members":[]}}}},{"isAttribute":false,"isHost":false,"isSelf":false,"isSkipSelf":false,"isOptional":false,"token":{"identifier":{"reference":{"__symbol":44,"members":[]}}}},{"isAttribute":false,"isHost":false,"isSelf":false,"isSkipSelf":false,"isOptional":false,"token":{"identifier":{"reference":{"__symbol":17,"members":[]}}}},{"isAttribute":false,"isHost":false,"isSelf":false,"isSkipSelf":false,"isOptional":true,"token":{"identifier":{"reference":{"__symbol":45,"members":[]}}}}],"lifecycleHooks":[]},"useFactory":null,"deps":[{"isAttribute":false,"isHost":false,"isSelf":false,"isSkipSelf":false,"isOptional":false,"token":{"identifier":{"reference":{"__symbol":36,"members":[]}}}},{"isAttribute":false,"isHost":false,"isSelf":false,"isSkipSelf":false,"isOptional":false,"token":{"identifier":{"reference":{"__symbol":44,"members":[]}}}},{"isAttribute":false,"isHost":false,"isSelf":false,"isSkipSelf":false,"isOptional":false,"token":{"identifier":{"reference":{"__symbol":17,"members":[]}}}},{"isAttribute":false,"isHost":false,"isSelf":false,"isSkipSelf":false,"isOptional":true,"token":{"identifier":{"reference":{"__symbol":45,"members":[]}}}}],"multi":true},"module":{"reference":{"__symbol":34,"members":[]},"diDeps":[{"isAttribute":false,"isHost":false,"isSelf":false,"isSkipSelf":true,"isOptional":true,"token":{"identifier":{"reference":{"__symbol":34,"members":[]}}}}],"lifecycleHooks":[]}},{"provider":{"token":{"identifier":{"reference":{"__symbol":44,"members":[]}}},"useClass":{"reference":{"__symbol":46,"members":[]},"diDeps":[],"lifecycleHooks":[]},"useFactory":null,"deps":[],"multi":false},"module":{"reference":{"__symbol":34,"members":[]},"diDeps":[{"isAttribute":false,"isHost":false,"isSelf":false,"isSkipSelf":true,"isOptional":true,"token":{"identifier":{"reference":{"__symbol":34,"members":[]}}}}],"lifecycleHooks":[]}},{"provider":{"token":{"identifier":{"reference":{"__symbol":47,"members":[]},"diDeps":[{"isAttribute":false,"isHost":false,"isSelf":false,"isSkipSelf":false,"isOptional":false,"token":{"identifier":{"reference":{"__symbol":48,"members":[]}}}},{"isAttribute":false,"isHost":false,"isSelf":false,"isSkipSelf":false,"isOptional":false,"token":{"identifier":{"reference":{"__symbol":49,"members":[]}}}},{"isAttribute":false,"isHost":false,"isSelf":false,"isSkipSelf":false,"isOptional":false,"token":{"identifier":{"reference":{"__symbol":25,"members":[]}}}}],"lifecycleHooks":[]}},"useClass":{"reference":{"__symbol":47,"members":[]},"diDeps":[{"isAttribute":false,"isHost":false,"isSelf":false,"isSkipSelf":false,"isOptional":false,"token":{"identifier":{"reference":{"__symbol":48,"members":[]}}}},{"isAttribute":false,"isHost":false,"isSelf":false,"isSkipSelf":false,"isOptional":false,"token":{"identifier":{"reference":{"__symbol":49,"members":[]}}}},{"isAttribute":false,"isHost":false,"isSelf":false,"isSkipSelf":false,"isOptional":false,"token":{"identifier":{"reference":{"__symbol":25,"members":[]}}}}],"lifecycleHooks":[]},"useFactory":null,"deps":[{"isAttribute":false,"isHost":false,"isSelf":false,"isSkipSelf":false,"isOptional":false,"token":{"identifier":{"reference":{"__symbol":48,"members":[]}}}},{"isAttribute":false,"isHost":false,"isSelf":false,"isSkipSelf":false,"isOptional":false,"token":{"identifier":{"reference":{"__symbol":49,"members":[]}}}},{"isAttribute":false,"isHost":false,"isSelf":false,"isSkipSelf":false,"isOptional":false,"token":{"identifier":{"reference":{"__symbol":25,"members":[]}}}}],"multi":false},"module":{"reference":{"__symbol":34,"members":[]},"diDeps":[{"isAttribute":false,"isHost":false,"isSelf":false,"isSkipSelf":true,"isOptional":true,"token":{"identifier":{"reference":{"__symbol":34,"members":[]}}}}],"lifecycleHooks":[]}},{"provider":{"token":{"identifier":{"reference":{"__symbol":50,"members":[]}}},"useClass":null,"useFactory":null,"useExisting":{"identifier":{"reference":{"__symbol":47,"members":[]}}},"multi":false},"module":{"reference":{"__symbol":34,"members":[]},"diDeps":[{"isAttribute":false,"isHost":false,"isSelf":false,"isSkipSelf":true,"isOptional":true,"token":{"identifier":{"reference":{"__symbol":34,"members":[]}}}}],"lifecycleHooks":[]}},{"provider":{"token":{"identifier":{"reference":{"__symbol":51,"members":[]}}},"useClass":null,"useFactory":null,"useExisting":{"identifier":{"reference":{"__symbol":49,"members":[]}}},"multi":false},"module":{"reference":{"__symbol":34,"members":[]},"diDeps":[{"isAttribute":false,"isHost":false,"isSelf":false,"isSkipSelf":true,"isOptional":true,"token":{"identifier":{"reference":{"__symbol":34,"members":[]}}}}],"lifecycleHooks":[]}},{"provider":{"token":{"identifier":{"reference":{"__symbol":49,"members":[]},"diDeps":[{"isAttribute":false,"isHost":false,"isSelf":false,"isSkipSelf":false,"isOptional":false,"token":{"identifier":{"reference":{"__symbol":36,"members":[]}}}}],"lifecycleHooks":[1]}},"useClass":{"reference":{"__symbol":49,"members":[]},"diDeps":[{"isAttribute":false,"isHost":false,"isSelf":false,"isSkipSelf":false,"isOptional":false,"token":{"identifier":{"reference":{"__symbol":36,"members":[]}}}}],"lifecycleHooks":[1]},"useFactory":null,"deps":[{"isAttribute":false,"isHost":false,"isSelf":false,"isSkipSelf":false,"isOptional":false,"token":{"identifier":{"reference":{"__symbol":36,"members":[]}}}}],"multi":false},"module":{"reference":{"__symbol":34,"members":[]},"diDeps":[{"isAttribute":false,"isHost":false,"isSelf":false,"isSkipSelf":true,"isOptional":true,"token":{"identifier":{"reference":{"__symbol":34,"members":[]}}}}],"lifecycleHooks":[]}},{"provider":{"token":{"identifier":{"reference":{"__symbol":52,"members":[]},"diDeps":[{"isAttribute":false,"isHost":false,"isSelf":false,"isSkipSelf":false,"isOptional":false,"token":{"identifier":{"reference":{"__symbol":16,"members":[]}}}}],"lifecycleHooks":[]}},"useClass":{"reference":{"__symbol":52,"members":[]},"diDeps":[{"isAttribute":false,"isHost":false,"isSelf":false,"isSkipSelf":false,"isOptional":false,"token":{"identifier":{"reference":{"__symbol":16,"members":[]}}}}],"lifecycleHooks":[]},"useFactory":null,"deps":[{"isAttribute":false,"isHost":false,"isSelf":false,"isSkipSelf":false,"isOptional":false,"token":{"identifier":{"reference":{"__symbol":16,"members":[]}}}}],"multi":false},"module":{"reference":{"__symbol":34,"members":[]},"diDeps":[{"isAttribute":false,"isHost":false,"isSelf":false,"isSkipSelf":true,"isOptional":true,"token":{"identifier":{"reference":{"__symbol":34,"members":[]}}}}],"lifecycleHooks":[]}},{"provider":{"token":{"identifier":{"reference":{"__symbol":48,"members":[]},"diDeps":[{"isAttribute":false,"isHost":false,"isSelf":false,"isSkipSelf":false,"isOptional":false,"token":{"identifier":{"reference":{"__symbol":39,"members":[]}}}},{"isAttribute":false,"isHost":false,"isSelf":false,"isSkipSelf":false,"isOptional":false,"token":{"identifier":{"reference":{"__symbol":16,"members":[]}}}}],"lifecycleHooks":[]}},"useClass":{"reference":{"__symbol":48,"members":[]},"diDeps":[{"isAttribute":false,"isHost":false,"isSelf":false,"isSkipSelf":false,"isOptional":false,"token":{"identifier":{"reference":{"__symbol":39,"members":[]}}}},{"isAttribute":false,"isHost":false,"isSelf":false,"isSkipSelf":false,"isOptional":false,"token":{"identifier":{"reference":{"__symbol":16,"members":[]}}}}],"lifecycleHooks":[]},"useFactory":null,"deps":[{"isAttribute":false,"isHost":false,"isSelf":false,"isSkipSelf":false,"isOptional":false,"token":{"identifier":{"reference":{"__symbol":39,"members":[]}}}},{"isAttribute":false,"isHost":false,"isSelf":false,"isSkipSelf":false,"isOptional":false,"token":{"identifier":{"reference":{"__symbol":16,"members":[]}}}}],"multi":false},"module":{"reference":{"__symbol":34,"members":[]},"diDeps":[{"isAttribute":false,"isHost":false,"isSelf":false,"isSkipSelf":true,"isOptional":true,"token":{"identifier":{"reference":{"__symbol":34,"members":[]}}}}],"lifecycleHooks":[]}},{"provider":{"token":{"identifier":{"reference":{"__symbol":23,"members":[]}}},"useClass":null,"useFactory":{"reference":{"__symbol":53,"members":[]},"diDeps":[{"isAttribute":false,"isHost":false,"isSelf":false,"isSkipSelf":false,"isOptional":true,"token":{"identifier":{"reference":{"__symbol":54,"members":[]}}}}]},"deps":[{"isAttribute":false,"isHost":false,"isSelf":false,"isSkipSelf":false,"isOptional":true,"token":{"identifier":{"reference":{"__symbol":54,"members":[]}}}}],"multi":true},"module":{"reference":{"__symbol":34,"members":[]},"diDeps":[{"isAttribute":false,"isHost":false,"isSelf":false,"isSkipSelf":true,"isOptional":true,"token":{"identifier":{"reference":{"__symbol":34,"members":[]}}}}],"lifecycleHooks":[]}},{"provider":{"token":{"identifier":{"reference":{"__symbol":55,"members":[]}}},"useClass":null,"useFactory":{"reference":{"__symbol":56,"members":[]},"diDeps":[]},"deps":[],"multi":false},"module":{"reference":{"__symbol":57,"members":[]},"diDeps":[],"lifecycleHooks":[]}},{"provider":{"token":{"identifier":{"reference":{"__symbol":58,"members":[]}}},"useClass":null,"useValue":"BrowserAnimations","useFactory":null,"multi":false},"module":{"reference":{"__symbol":57,"members":[]},"diDeps":[],"lifecycleHooks":[]}},{"provider":{"token":{"identifier":{"reference":{"__symbol":59,"members":[]}}},"useClass":{"reference":{"__symbol":60,"members":[]},"diDeps":[{"isAttribute":false,"isHost":false,"isSelf":false,"isSkipSelf":false,"isOptional":false,"token":{"identifier":{"reference":{"__symbol":50,"members":[]}}}},{"isAttribute":false,"isHost":false,"isSelf":false,"isSkipSelf":false,"isOptional":false,"token":{"identifier":{"reference":{"__symbol":61,"members":[]}}}}],"lifecycleHooks":[]},"useFactory":null,"deps":[{"isAttribute":false,"isHost":false,"isSelf":false,"isSkipSelf":false,"isOptional":false,"token":{"identifier":{"reference":{"__symbol":50,"members":[]}}}},{"isAttribute":false,"isHost":false,"isSelf":false,"isSkipSelf":false,"isOptional":false,"token":{"identifier":{"reference":{"__symbol":61,"members":[]}}}}],"multi":false},"module":{"reference":{"__symbol":57,"members":[]},"diDeps":[],"lifecycleHooks":[]}},{"provider":{"token":{"identifier":{"reference":{"__symbol":62,"members":[]}}},"useClass":null,"useFactory":{"reference":{"__symbol":63,"members":[]},"diDeps":[]},"deps":[],"multi":false},"module":{"reference":{"__symbol":57,"members":[]},"diDeps":[],"lifecycleHooks":[]}},{"provider":{"token":{"identifier":{"reference":{"__symbol":64,"members":[]}}},"useClass":{"reference":{"__symbol":65,"members":[]},"diDeps":[{"isAttribute":false,"isHost":false,"isSelf":false,"isSkipSelf":false,"isOptional":false,"token":{"identifier":{"reference":{"__symbol":36,"members":[]}}}},{"isAttribute":false,"isHost":false,"isSelf":false,"isSkipSelf":false,"isOptional":false,"token":{"identifier":{"reference":{"__symbol":55,"members":[]}}}},{"isAttribute":false,"isHost":false,"isSelf":false,"isSkipSelf":false,"isOptional":false,"token":{"identifier":{"reference":{"__symbol":62,"members":[]}}}}],"lifecycleHooks":[]},"useFactory":null,"deps":[{"isAttribute":false,"isHost":false,"isSelf":false,"isSkipSelf":false,"isOptional":false,"token":{"identifier":{"reference":{"__symbol":36,"members":[]}}}},{"isAttribute":false,"isHost":false,"isSelf":false,"isSkipSelf":false,"isOptional":false,"token":{"identifier":{"reference":{"__symbol":55,"members":[]}}}},{"isAttribute":false,"isHost":false,"isSelf":false,"isSkipSelf":false,"isOptional":false,"token":{"identifier":{"reference":{"__symbol":62,"members":[]}}}}],"multi":false},"module":{"reference":{"__symbol":57,"members":[]},"diDeps":[],"lifecycleHooks":[]}},{"provider":{"token":{"identifier":{"reference":{"__symbol":50,"members":[]}}},"useClass":null,"useFactory":{"reference":{"__symbol":66,"members":[]},"diDeps":[{"isAttribute":false,"isHost":false,"isSelf":false,"isSkipSelf":false,"isOptional":false,"token":{"identifier":{"reference":{"__symbol":47,"members":[]}}}},{"isAttribute":false,"isHost":false,"isSelf":false,"isSkipSelf":false,"isOptional":false,"token":{"identifier":{"reference":{"__symbol":64,"members":[]}}}},{"isAttribute":false,"isHost":false,"isSelf":false,"isSkipSelf":false,"isOptional":false,"token":{"identifier":{"reference":{"__symbol":16,"members":[]}}}}]},"deps":[{"isAttribute":false,"isHost":false,"isSelf":false,"isSkipSelf":false,"isOptional":false,"token":{"identifier":{"reference":{"__symbol":47,"members":[]}}}},{"isAttribute":false,"isHost":false,"isSelf":false,"isSkipSelf":false,"isOptional":false,"token":{"identifier":{"reference":{"__symbol":64,"members":[]}}}},{"isAttribute":false,"isHost":false,"isSelf":false,"isSkipSelf":false,"isOptional":false,"token":{"identifier":{"reference":{"__symbol":16,"members":[]}}}}],"multi":false},"module":{"reference":{"__symbol":57,"members":[]},"diDeps":[],"lifecycleHooks":[]}},{"provider":{"token":{"identifier":{"reference":{"__symbol":67,"members":[]},"diDeps":[{"isAttribute":false,"isHost":false,"isSelf":false,"isSkipSelf":false,"isOptional":false,"token":{"identifier":{"reference":{"__symbol":68,"members":[]}}}}],"lifecycleHooks":[]}},"useClass":{"reference":{"__symbol":67,"members":[]},"diDeps":[{"isAttribute":false,"isHost":false,"isSelf":false,"isSkipSelf":false,"isOptional":false,"token":{"identifier":{"reference":{"__symbol":68,"members":[]}}}}],"lifecycleHooks":[]},"useFactory":null,"deps":[{"isAttribute":false,"isHost":false,"isSelf":false,"isSkipSelf":false,"isOptional":false,"token":{"identifier":{"reference":{"__symbol":68,"members":[]}}}}],"multi":false},"module":{"reference":{"__symbol":69,"members":[]},"diDeps":[],"lifecycleHooks":[]}},{"provider":{"token":{"identifier":{"reference":{"__symbol":70,"members":[]}}},"useClass":{"reference":{"__symbol":71,"members":[]},"diDeps":[],"lifecycleHooks":[]},"useFactory":null,"deps":[],"multi":false},"module":{"reference":{"__symbol":69,"members":[]},"diDeps":[],"lifecycleHooks":[]}},{"provider":{"token":{"identifier":{"reference":{"__symbol":5,"members":[]}}},"useClass":null,"useFactory":{"reference":{"__symbol":72,"members":[]},"diDeps":[{"isAttribute":false,"isHost":false,"isSelf":false,"isSkipSelf":false,"isOptional":false,"token":{"identifier":{"reference":{"__symbol":15,"members":[]}}}},{"isAttribute":false,"isHost":false,"isSelf":false,"isSkipSelf":false,"isOptional":false,"token":{"identifier":{"reference":{"__symbol":70,"members":[]}}}},{"isAttribute":false,"isHost":false,"isSelf":false,"isSkipSelf":false,"isOptional":false,"token":{"identifier":{"reference":{"__symbol":73,"members":[]}}}},{"isAttribute":false,"isHost":false,"isSelf":false,"isSkipSelf":false,"isOptional":false,"token":{"identifier":{"reference":{"__symbol":67,"members":[]}}}},{"isAttribute":false,"isHost":false,"isSelf":false,"isSkipSelf":false,"isOptional":false,"token":{"identifier":{"reference":{"__symbol":18,"members":[]}}}},{"isAttribute":false,"isHost":false,"isSelf":false,"isSkipSelf":false,"isOptional":false,"token":{"identifier":{"reference":{"__symbol":74,"members":[]}}}},{"isAttribute":false,"isHost":false,"isSelf":false,"isSkipSelf":false,"isOptional":false,"token":{"identifier":{"reference":{"__symbol":24,"members":[]}}}},{"isAttribute":false,"isHost":false,"isSelf":false,"isSkipSelf":false,"isOptional":false,"token":{"identifier":{"reference":{"__symbol":75,"members":[]}}}},{"isAttribute":false,"isHost":false,"isSelf":false,"isSkipSelf":false,"isOptional":false,"token":{"identifier":{"reference":{"__symbol":76,"members":[]}}}},{"isAttribute":false,"isHost":false,"isSelf":false,"isSkipSelf":false,"isOptional":true,"token":{"identifier":{"reference":{"__symbol":77,"members":[]}}}},{"isAttribute":false,"isHost":false,"isSelf":false,"isSkipSelf":false,"isOptional":true,"token":{"identifier":{"reference":{"__symbol":78,"members":[]}}}}]},"deps":[{"isAttribute":false,"isHost":false,"isSelf":false,"isSkipSelf":false,"isOptional":false,"token":{"identifier":{"reference":{"__symbol":15,"members":[]}}}},{"isAttribute":false,"isHost":false,"isSelf":false,"isSkipSelf":false,"isOptional":false,"token":{"identifier":{"reference":{"__symbol":70,"members":[]}}}},{"isAttribute":false,"isHost":false,"isSelf":false,"isSkipSelf":false,"isOptional":false,"token":{"identifier":{"reference":{"__symbol":73,"members":[]}}}},{"isAttribute":false,"isHost":false,"isSelf":false,"isSkipSelf":false,"isOptional":false,"token":{"identifier":{"reference":{"__symbol":67,"members":[]}}}},{"isAttribute":false,"isHost":false,"isSelf":false,"isSkipSelf":false,"isOptional":false,"token":{"identifier":{"reference":{"__symbol":18,"members":[]}}}},{"isAttribute":false,"isHost":false,"isSelf":false,"isSkipSelf":false,"isOptional":false,"token":{"identifier":{"reference":{"__symbol":74,"members":[]}}}},{"isAttribute":false,"isHost":false,"isSelf":false,"isSkipSelf":false,"isOptional":false,"token":{"identifier":{"reference":{"__symbol":24,"members":[]}}}},{"isAttribute":false,"isHost":false,"isSelf":false,"isSkipSelf":false,"isOptional":false,"token":{"identifier":{"reference":{"__symbol":75,"members":[]}}}},{"isAttribute":false,"isHost":false,"isSelf":false,"isSkipSelf":false,"isOptional":false,"token":{"identifier":{"reference":{"__symbol":76,"members":[]}}}},{"isAttribute":false,"isHost":false,"isSelf":false,"isSkipSelf":false,"isOptional":true,"token":{"identifier":{"reference":{"__symbol":77,"members":[]}}}},{"isAttribute":false,"isHost":false,"isSelf":false,"isSkipSelf":false,"isOptional":true,"token":{"identifier":{"reference":{"__symbol":78,"members":[]}}}}],"multi":false},"module":{"reference":{"__symbol":69,"members":[]},"diDeps":[],"lifecycleHooks":[]}},{"provider":{"token":{"identifier":{"reference":{"__symbol":73,"members":[]},"diDeps":[],"lifecycleHooks":[]}},"useClass":{"reference":{"__symbol":73,"members":[]},"diDeps":[],"lifecycleHooks":[]},"useFactory":null,"deps":[],"multi":false},"module":{"reference":{"__symbol":69,"members":[]},"diDeps":[],"lifecycleHooks":[]}},{"provider":{"token":{"identifier":{"reference":{"__symbol":79,"members":[]}}},"useClass":null,"useFactory":{"reference":{"__symbol":80,"members":[]},"diDeps":[{"isAttribute":false,"isHost":false,"isSelf":false,"isSkipSelf":false,"isOptional":false,"token":{"identifier":{"reference":{"__symbol":5,"members":[]}}}}]},"deps":[{"isAttribute":false,"isHost":false,"isSelf":false,"isSkipSelf":false,"isOptional":false,"token":{"identifier":{"reference":{"__symbol":5,"members":[]}}}}],"multi":false},"module":{"reference":{"__symbol":69,"members":[]},"diDeps":[],"lifecycleHooks":[]}},{"provider":{"token":{"identifier":{"reference":{"__symbol":74,"members":[]}}},"useClass":{"reference":{"__symbol":81,"members":[]},"diDeps":[{"isAttribute":false,"isHost":false,"isSelf":false,"isSkipSelf":false,"isOptional":false,"token":{"identifier":{"reference":{"__symbol":24,"members":[]}}}},{"isAttribute":false,"isHost":false,"isSelf":false,"isSkipSelf":false,"isOptional":true,"token":{"identifier":{"reference":{"__symbol":82,"members":[]}}}}],"lifecycleHooks":[]},"useFactory":null,"deps":[{"isAttribute":false,"isHost":false,"isSelf":false,"isSkipSelf":false,"isOptional":false,"token":{"identifier":{"reference":{"__symbol":24,"members":[]}}}},{"isAttribute":false,"isHost":false,"isSelf":false,"isSkipSelf":false,"isOptional":true,"token":{"identifier":{"reference":{"__symbol":82,"members":[]}}}}],"multi":false},"module":{"reference":{"__symbol":69,"members":[]},"diDeps":[],"lifecycleHooks":[]}},{"provider":{"token":{"identifier":{"reference":{"__symbol":83,"members":[]},"diDeps":[{"isAttribute":false,"isHost":false,"isSelf":false,"isSkipSelf":false,"isOptional":false,"token":{"identifier":{"reference":{"__symbol":5,"members":[]}}}},{"isAttribute":false,"isHost":false,"isSelf":false,"isSkipSelf":false,"isOptional":false,"token":{"identifier":{"reference":{"__symbol":74,"members":[]}}}},{"isAttribute":false,"isHost":false,"isSelf":false,"isSkipSelf":false,"isOptional":false,"token":{"identifier":{"reference":{"__symbol":24,"members":[]}}}},{"isAttribute":false,"isHost":false,"isSelf":false,"isSkipSelf":false,"isOptional":false,"token":{"identifier":{"reference":{"__symbol":18,"members":[]}}}},{"isAttribute":false,"isHost":false,"isSelf":false,"isSkipSelf":false,"isOptional":false,"token":{"identifier":{"reference":{"__symbol":84,"members":[]}}}}],"lifecycleHooks":[1]}},"useClass":{"reference":{"__symbol":83,"members":[]},"diDeps":[{"isAttribute":false,"isHost":false,"isSelf":false,"isSkipSelf":false,"isOptional":false,"token":{"identifier":{"reference":{"__symbol":5,"members":[]}}}},{"isAttribute":false,"isHost":false,"isSelf":false,"isSkipSelf":false,"isOptional":false,"token":{"identifier":{"reference":{"__symbol":74,"members":[]}}}},{"isAttribute":false,"isHost":false,"isSelf":false,"isSkipSelf":false,"isOptional":false,"token":{"identifier":{"reference":{"__symbol":24,"members":[]}}}},{"isAttribute":false,"isHost":false,"isSelf":false,"isSkipSelf":false,"isOptional":false,"token":{"identifier":{"reference":{"__symbol":18,"members":[]}}}},{"isAttribute":false,"isHost":false,"isSelf":false,"isSkipSelf":false,"isOptional":false,"token":{"identifier":{"reference":{"__symbol":84,"members":[]}}}}],"lifecycleHooks":[1]},"useFactory":null,"deps":[{"isAttribute":false,"isHost":false,"isSelf":false,"isSkipSelf":false,"isOptional":false,"token":{"identifier":{"reference":{"__symbol":5,"members":[]}}}},{"isAttribute":false,"isHost":false,"isSelf":false,"isSkipSelf":false,"isOptional":false,"token":{"identifier":{"reference":{"__symbol":74,"members":[]}}}},{"isAttribute":false,"isHost":false,"isSelf":false,"isSkipSelf":false,"isOptional":false,"token":{"identifier":{"reference":{"__symbol":24,"members":[]}}}},{"isAttribute":false,"isHost":false,"isSelf":false,"isSkipSelf":false,"isOptional":false,"token":{"identifier":{"reference":{"__symbol":18,"members":[]}}}},{"isAttribute":false,"isHost":false,"isSelf":false,"isSkipSelf":false,"isOptional":false,"token":{"identifier":{"reference":{"__symbol":84,"members":[]}}}}],"multi":false},"module":{"reference":{"__symbol":69,"members":[]},"diDeps":[],"lifecycleHooks":[]}},{"provider":{"token":{"identifier":{"reference":{"__symbol":85,"members":[]},"diDeps":[],"lifecycleHooks":[]}},"useClass":{"reference":{"__symbol":85,"members":[]},"diDeps":[],"lifecycleHooks":[]},"useFactory":null,"deps":[],"multi":false},"module":{"reference":{"__symbol":69,"members":[]},"diDeps":[],"lifecycleHooks":[]}},{"provider":{"token":{"identifier":{"reference":{"__symbol":86,"members":[]},"diDeps":[],"lifecycleHooks":[]}},"useClass":{"reference":{"__symbol":86,"members":[]},"diDeps":[],"lifecycleHooks":[]},"useFactory":null,"deps":[],"multi":false},"module":{"reference":{"__symbol":69,"members":[]},"diDeps":[],"lifecycleHooks":[]}},{"provider":{"token":{"identifier":{"reference":{"__symbol":76,"members":[]}}},"useClass":null,"useValue":{"enableTracing":false},"useFactory":null,"multi":false},"module":{"reference":{"__symbol":69,"members":[]},"diDeps":[],"lifecycleHooks":[]}},{"provider":{"token":{"identifier":{"reference":{"__symbol":75,"members":[]}}},"useClass":null,"useValue":[{"path":"BookFLZD","loadChildren":"./bookflzd/bookflzd#BookFLZDModule"},{"path":"TSXXGL","loadChildren":"./tsxxgl/tsxxgl#TSXXGLModule"}],"useFactory":null,"multi":true},"module":{"reference":{"__symbol":69,"members":[]},"diDeps":[],"lifecycleHooks":[]}},{"provider":{"token":{"identifier":{"reference":{"__symbol":87,"members":[]}}},"useClass":null,"useFactory":{"reference":{"__symbol":88,"members":[]},"diDeps":[{"isAttribute":false,"isHost":false,"isSelf":false,"isSkipSelf":true,"isOptional":true,"token":{"identifier":{"reference":{"__symbol":5,"members":[]}}}}]},"deps":[{"isAttribute":false,"isHost":false,"isSelf":false,"isSkipSelf":true,"isOptional":true,"token":{"identifier":{"reference":{"__symbol":5,"members":[]}}}}],"multi":false},"module":{"reference":{"__symbol":69,"members":[]},"diDeps":[],"lifecycleHooks":[]}},{"provider":{"token":{"identifier":{"reference":{"__symbol":76,"members":[]}}},"useClass":null,"useValue":{"useHash":true},"useFactory":null,"multi":false},"module":{"reference":{"__symbol":69,"members":[]},"diDeps":[],"lifecycleHooks":[]}},{"provider":{"token":{"identifier":{"reference":{"__symbol":68,"members":[]}}},"useClass":null,"useFactory":{"reference":{"__symbol":89,"members":[]},"diDeps":[{"isAttribute":false,"isHost":false,"isSelf":false,"isSkipSelf":false,"isOptional":false,"token":{"identifier":{"reference":{"__symbol":90,"members":[]}}}},{"isAttribute":false,"isHost":false,"isSelf":false,"isSkipSelf":false,"isOptional":true,"token":{"identifier":{"reference":{"__symbol":91,"members":[]}}}},{"isAttribute":false,"isHost":false,"isSelf":false,"isSkipSelf":false,"isOptional":false,"token":{"identifier":{"reference":{"__symbol":76,"members":[]}}}}]},"deps":[{"isAttribute":false,"isHost":false,"isSelf":false,"isSkipSelf":false,"isOptional":false,"token":{"identifier":{"reference":{"__symbol":90,"members":[]}}}},{"isAttribute":false,"isHost":false,"isSelf":false,"isSkipSelf":false,"isOptional":true,"token":{"identifier":{"reference":{"__symbol":91,"members":[]}}}},{"isAttribute":false,"isHost":false,"isSelf":false,"isSkipSelf":false,"isOptional":false,"token":{"identifier":{"reference":{"__symbol":76,"members":[]}}}}],"multi":false},"module":{"reference":{"__symbol":69,"members":[]},"diDeps":[],"lifecycleHooks":[]}},{"provider":{"token":{"identifier":{"reference":{"__symbol":92,"members":[]}}},"useClass":null,"useFactory":{"reference":{"__symbol":93,"members":[]},"diDeps":[{"isAttribute":false,"isHost":false,"isSelf":false,"isSkipSelf":false,"isOptional":false,"token":{"identifier":{"reference":{"__symbol":5,"members":[]}}}},{"isAttribute":false,"isHost":false,"isSelf":false,"isSkipSelf":false,"isOptional":false,"token":{"identifier":{"reference":{"__symbol":94,"members":[]}}}},{"isAttribute":false,"isHost":false,"isSelf":false,"isSkipSelf":false,"isOptional":false,"token":{"identifier":{"reference":{"__symbol":76,"members":[]}}}}]},"deps":[{"isAttribute":false,"isHost":false,"isSelf":false,"isSkipSelf":false,"isOptional":false,"token":{"identifier":{"reference":{"__symbol":5,"members":[]}}}},{"isAttribute":false,"isHost":false,"isSelf":false,"isSkipSelf":false,"isOptional":false,"token":{"identifier":{"reference":{"__symbol":94,"members":[]}}}},{"isAttribute":false,"isHost":false,"isSelf":false,"isSkipSelf":false,"isOptional":false,"token":{"identifier":{"reference":{"__symbol":76,"members":[]}}}}],"multi":false},"module":{"reference":{"__symbol":69,"members":[]},"diDeps":[],"lifecycleHooks":[]}},{"provider":{"token":{"identifier":{"reference":{"__symbol":84,"members":[]}}},"useClass":null,"useFactory":null,"useExisting":{"identifier":{"reference":{"__symbol":85,"members":[]}}},"multi":false},"module":{"reference":{"__symbol":69,"members":[]},"diDeps":[],"lifecycleHooks":[]}},{"provider":{"token":{"identifier":{"reference":{"__symbol":54,"members":[]}}},"useClass":null,"useFactory":{"reference":{"__symbol":95,"members":[]},"diDeps":[]},"deps":[],"multi":true},"module":{"reference":{"__symbol":69,"members":[]},"diDeps":[],"lifecycleHooks":[]}},{"provider":{"token":{"identifier":{"reference":{"__symbol":96,"members":[]},"diDeps":[{"isAttribute":false,"isHost":false,"isSelf":false,"isSkipSelf":false,"isOptional":false,"token":{"identifier":{"reference":{"__symbol":18,"members":[]}}}}],"lifecycleHooks":[]}},"useClass":{"reference":{"__symbol":96,"members":[]},"diDeps":[{"isAttribute":false,"isHost":false,"isSelf":false,"isSkipSelf":false,"isOptional":false,"token":{"identifier":{"reference":{"__symbol":18,"members":[]}}}}],"lifecycleHooks":[]},"useFactory":null,"deps":[{"isAttribute":false,"isHost":false,"isSelf":false,"isSkipSelf":false,"isOptional":false,"token":{"identifier":{"reference":{"__symbol":18,"members":[]}}}}],"multi":false},"module":{"reference":{"__symbol":69,"members":[]},"diDeps":[],"lifecycleHooks":[]}},{"provider":{"token":{"identifier":{"reference":{"__symbol":23,"members":[]}}},"useClass":null,"useFactory":{"reference":{"__symbol":97,"members":[]},"diDeps":[{"isAttribute":false,"isHost":false,"isSelf":false,"isSkipSelf":false,"isOptional":false,"token":{"identifier":{"reference":{"__symbol":96,"members":[]}}}}]},"deps":[{"isAttribute":false,"isHost":false,"isSelf":false,"isSkipSelf":false,"isOptional":false,"token":{"identifier":{"reference":{"__symbol":96,"members":[]}}}}],"multi":true},"module":{"reference":{"__symbol":69,"members":[]},"diDeps":[],"lifecycleHooks":[]}},{"provider":{"token":{"identifier":{"reference":{"__symbol":98,"members":[]}}},"useClass":null,"useFactory":{"reference":{"__symbol":99,"members":[]},"diDeps":[{"isAttribute":false,"isHost":false,"isSelf":false,"isSkipSelf":false,"isOptional":false,"token":{"identifier":{"reference":{"__symbol":96,"members":[]}}}}]},"deps":[{"isAttribute":false,"isHost":false,"isSelf":false,"isSkipSelf":false,"isOptional":false,"token":{"identifier":{"reference":{"__symbol":96,"members":[]}}}}],"multi":false},"module":{"reference":{"__symbol":69,"members":[]},"diDeps":[],"lifecycleHooks":[]}},{"provider":{"token":{"identifier":{"reference":{"__symbol":100,"members":[]}}},"useClass":null,"useFactory":null,"useExisting":{"identifier":{"reference":{"__symbol":98,"members":[]}}},"multi":true},"module":{"reference":{"__symbol":69,"members":[]},"diDeps":[],"lifecycleHooks":[]}},{"provider":{"token":{"identifier":{"reference":{"__symbol":101,"members":[]},"diDeps":[{"isAttribute":false,"isHost":false,"isSelf":false,"isSkipSelf":false,"isOptional":false,"token":{"identifier":{"reference":{"__symbol":102,"members":[]}}}},{"isAttribute":false,"isHost":false,"isSelf":false,"isSkipSelf":false,"isOptional":false,"token":{"identifier":{"reference":{"__symbol":103,"members":[]}}}}],"lifecycleHooks":[]}},"useClass":{"reference":{"__symbol":101,"members":[]},"diDeps":[{"isAttribute":false,"isHost":false,"isSelf":false,"isSkipSelf":false,"isOptional":false,"token":{"identifier":{"reference":{"__symbol":102,"members":[]}}}},{"isAttribute":false,"isHost":false,"isSelf":false,"isSkipSelf":false,"isOptional":false,"token":{"identifier":{"reference":{"__symbol":103,"members":[]}}}}],"lifecycleHooks":[]},"useFactory":null,"deps":[{"isAttribute":false,"isHost":false,"isSelf":false,"isSkipSelf":false,"isOptional":false,"token":{"identifier":{"reference":{"__symbol":102,"members":[]}}}},{"isAttribute":false,"isHost":false,"isSelf":false,"isSkipSelf":false,"isOptional":false,"token":{"identifier":{"reference":{"__symbol":103,"members":[]}}}}],"multi":false},"module":{"reference":{"__symbol":104,"members":[]},"diDeps":[],"lifecycleHooks":[]}},{"provider":{"token":{"identifier":{"reference":{"__symbol":105,"members":[]}}},"useClass":null,"useFactory":null,"useExisting":{"identifier":{"reference":{"__symbol":101,"members":[]}}},"multi":true},"module":{"reference":{"__symbol":104,"members":[]},"diDeps":[],"lifecycleHooks":[]}},{"provider":{"token":{"identifier":{"reference":{"__symbol":102,"members":[]}}},"useClass":{"reference":{"__symbol":106,"members":[]},"diDeps":[{"isAttribute":false,"isHost":false,"isSelf":false,"isSkipSelf":false,"isOptional":false,"token":{"identifier":{"reference":{"__symbol":36,"members":[]}}}},{"isAttribute":false,"isHost":false,"isSelf":false,"isSkipSelf":false,"isOptional":false,"token":{"identifier":{"reference":{"__symbol":41,"members":[]}}}},{"isAttribute":false,"isHost":false,"isSelf":false,"isSkipSelf":false,"isOptional":false,"token":{"identifier":{"reference":{"__symbol":107,"members":[]}}}}],"lifecycleHooks":[]},"useFactory":null,"deps":[{"isAttribute":false,"isHost":false,"isSelf":false,"isSkipSelf":false,"isOptional":false,"token":{"identifier":{"reference":{"__symbol":36,"members":[]}}}},{"isAttribute":false,"isHost":false,"isSelf":false,"isSkipSelf":false,"isOptional":false,"token":{"identifier":{"reference":{"__symbol":41,"members":[]}}}},{"isAttribute":false,"isHost":false,"isSelf":false,"isSkipSelf":false,"isOptional":false,"token":{"identifier":{"reference":{"__symbol":107,"members":[]}}}}],"multi":false},"module":{"reference":{"__symbol":104,"members":[]},"diDeps":[],"lifecycleHooks":[]}},{"provider":{"token":{"identifier":{"reference":{"__symbol":107,"members":[]}}},"useClass":null,"useValue":"XSRF-TOKEN","useFactory":null,"multi":false},"module":{"reference":{"__symbol":104,"members":[]},"diDeps":[],"lifecycleHooks":[]}},{"provider":{"token":{"identifier":{"reference":{"__symbol":103,"members":[]}}},"useClass":null,"useValue":"X-XSRF-TOKEN","useFactory":null,"multi":false},"module":{"reference":{"__symbol":104,"members":[]},"diDeps":[],"lifecycleHooks":[]}},{"provider":{"token":{"identifier":{"reference":{"__symbol":107,"members":[]}}},"useClass":null,"useValue":"XSRF-TOKEN","useFactory":null,"multi":false},"module":{"reference":{"__symbol":108,"members":[]},"diDeps":[],"lifecycleHooks":[]}},{"provider":{"token":{"identifier":{"reference":{"__symbol":103,"members":[]}}},"useClass":null,"useValue":"X-XSRF-TOKEN","useFactory":null,"multi":false},"module":{"reference":{"__symbol":108,"members":[]},"diDeps":[],"lifecycleHooks":[]}},{"provider":{"token":{"identifier":{"reference":{"__symbol":109,"members":[]},"diDeps":[{"isAttribute":false,"isHost":false,"isSelf":false,"isSkipSelf":false,"isOptional":false,"token":{"identifier":{"reference":{"__symbol":110,"members":[]}}}}],"lifecycleHooks":[]}},"useClass":{"reference":{"__symbol":109,"members":[]},"diDeps":[{"isAttribute":false,"isHost":false,"isSelf":false,"isSkipSelf":false,"isOptional":false,"token":{"identifier":{"reference":{"__symbol":110,"members":[]}}}}],"lifecycleHooks":[]},"useFactory":null,"deps":[{"isAttribute":false,"isHost":false,"isSelf":false,"isSkipSelf":false,"isOptional":false,"token":{"identifier":{"reference":{"__symbol":110,"members":[]}}}}],"multi":false},"module":{"reference":{"__symbol":108,"members":[]},"diDeps":[],"lifecycleHooks":[]}},{"provider":{"token":{"identifier":{"reference":{"__symbol":110,"members":[]}}},"useClass":{"reference":{"__symbol":111,"members":[]},"diDeps":[{"isAttribute":false,"isHost":false,"isSelf":false,"isSkipSelf":false,"isOptional":false,"token":{"identifier":{"reference":{"__symbol":112,"members":[]}}}},{"isAttribute":false,"isHost":false,"isSelf":false,"isSkipSelf":false,"isOptional":false,"token":{"identifier":{"reference":{"__symbol":18,"members":[]}}}}],"lifecycleHooks":[]},"useFactory":null,"deps":[{"isAttribute":false,"isHost":false,"isSelf":false,"isSkipSelf":false,"isOptional":false,"token":{"identifier":{"reference":{"__symbol":112,"members":[]}}}},{"isAttribute":false,"isHost":false,"isSelf":false,"isSkipSelf":false,"isOptional":false,"token":{"identifier":{"reference":{"__symbol":18,"members":[]}}}}],"multi":false},"module":{"reference":{"__symbol":108,"members":[]},"diDeps":[],"lifecycleHooks":[]}},{"provider":{"token":{"identifier":{"reference":{"__symbol":113,"members":[]},"diDeps":[{"isAttribute":false,"isHost":false,"isSelf":false,"isSkipSelf":false,"isOptional":false,"token":{"identifier":{"reference":{"__symbol":114,"members":[]}}}}],"lifecycleHooks":[]}},"useClass":{"reference":{"__symbol":113,"members":[]},"diDeps":[{"isAttribute":false,"isHost":false,"isSelf":false,"isSkipSelf":false,"isOptional":false,"token":{"identifier":{"reference":{"__symbol":114,"members":[]}}}}],"lifecycleHooks":[]},"useFactory":null,"deps":[{"isAttribute":false,"isHost":false,"isSelf":false,"isSkipSelf":false,"isOptional":false,"token":{"identifier":{"reference":{"__symbol":114,"members":[]}}}}],"multi":false},"module":{"reference":{"__symbol":108,"members":[]},"diDeps":[],"lifecycleHooks":[]}},{"provider":{"token":{"identifier":{"reference":{"__symbol":112,"members":[]}}},"useClass":null,"useFactory":null,"useExisting":{"identifier":{"reference":{"__symbol":113,"members":[]}}},"multi":false},"module":{"reference":{"__symbol":108,"members":[]},"diDeps":[],"lifecycleHooks":[]}},{"provider":{"token":{"identifier":{"reference":{"__symbol":115,"members":[]},"diDeps":[],"lifecycleHooks":[]}},"useClass":{"reference":{"__symbol":115,"members":[]},"diDeps":[],"lifecycleHooks":[]},"useFactory":null,"deps":[],"multi":false},"module":{"reference":{"__symbol":108,"members":[]},"diDeps":[],"lifecycleHooks":[]}},{"provider":{"token":{"identifier":{"reference":{"__symbol":114,"members":[]}}},"useClass":null,"useFactory":null,"useExisting":{"identifier":{"reference":{"__symbol":115,"members":[]}}},"multi":false},"module":{"reference":{"__symbol":108,"members":[]},"diDeps":[],"lifecycleHooks":[]}},{"provider":{"token":{"identifier":{"reference":{"__symbol":116,"members":[]},"diDeps":[{"isAttribute":false,"isHost":false,"isSelf":false,"isSkipSelf":false,"isOptional":true,"token":{"identifier":{"reference":{"__symbol":117,"members":[]}}}}],"lifecycleHooks":[]}},"useClass":{"reference":{"__symbol":116,"members":[]},"diDeps":[{"isAttribute":false,"isHost":false,"isSelf":false,"isSkipSelf":false,"isOptional":true,"token":{"identifier":{"reference":{"__symbol":117,"members":[]}}}}],"lifecycleHooks":[]},"useFactory":null,"deps":[{"isAttribute":false,"isHost":false,"isSelf":false,"isSkipSelf":false,"isOptional":true,"token":{"identifier":{"reference":{"__symbol":117,"members":[]}}}}],"multi":false},"module":{"reference":{"__symbol":4,"members":[]},"diDeps":[{"isAttribute":false,"isHost":false,"isSelf":false,"isSkipSelf":false,"isOptional":false,"token":{"identifier":{"reference":{"__symbol":5,"members":[]}}}}],"lifecycleHooks":[]}},{"provider":{"token":{"identifier":{"reference":{"__symbol":118,"members":[]},"diDeps":[],"lifecycleHooks":[]}},"useClass":{"reference":{"__symbol":118,"members":[]},"diDeps":[],"lifecycleHooks":[]},"useFactory":null,"deps":[],"multi":false},"module":{"reference":{"__symbol":4,"members":[]},"diDeps":[{"isAttribute":false,"isHost":false,"isSelf":false,"isSkipSelf":false,"isOptional":false,"token":{"identifier":{"reference":{"__symbol":5,"members":[]}}}}],"lifecycleHooks":[]}},{"provider":{"token":{"identifier":{"reference":{"__symbol":119,"members":[]},"diDeps":[],"lifecycleHooks":[]}},"useClass":{"reference":{"__symbol":119,"members":[]},"diDeps":[],"lifecycleHooks":[]},"useFactory":null,"deps":[],"multi":false},"module":{"reference":{"__symbol":4,"members":[]},"diDeps":[{"isAttribute":false,"isHost":false,"isSelf":false,"isSkipSelf":false,"isOptional":false,"token":{"identifier":{"reference":{"__symbol":5,"members":[]}}}}],"lifecycleHooks":[]}},{"provider":{"token":{"identifier":{"reference":{"__symbol":120,"members":[]},"diDeps":[{"isAttribute":false,"isHost":false,"isSelf":false,"isSkipSelf":false,"isOptional":false,"token":{"identifier":{"reference":{"__symbol":109,"members":[]}}}},{"isAttribute":false,"isHost":false,"isSelf":false,"isSkipSelf":false,"isOptional":false,"token":{"identifier":{"reference":{"__symbol":118,"members":[]}}}}],"lifecycleHooks":[]}},"useClass":{"reference":{"__symbol":120,"members":[]},"diDeps":[{"isAttribute":false,"isHost":false,"isSelf":false,"isSkipSelf":false,"isOptional":false,"token":{"identifier":{"reference":{"__symbol":109,"members":[]}}}},{"isAttribute":false,"isHost":false,"isSelf":false,"isSkipSelf":false,"isOptional":false,"token":{"identifier":{"reference":{"__symbol":118,"members":[]}}}}],"lifecycleHooks":[]},"useFactory":null,"deps":[{"isAttribute":false,"isHost":false,"isSelf":false,"isSkipSelf":false,"isOptional":false,"token":{"identifier":{"reference":{"__symbol":109,"members":[]}}}},{"isAttribute":false,"isHost":false,"isSelf":false,"isSkipSelf":false,"isOptional":false,"token":{"identifier":{"reference":{"__symbol":118,"members":[]}}}}],"multi":false},"module":{"reference":{"__symbol":4,"members":[]},"diDeps":[{"isAttribute":false,"isHost":false,"isSelf":false,"isSkipSelf":false,"isOptional":false,"token":{"identifier":{"reference":{"__symbol":5,"members":[]}}}}],"lifecycleHooks":[]}},{"provider":{"token":{"identifier":{"reference":{"__symbol":121,"members":[]},"diDeps":[{"isAttribute":false,"isHost":false,"isSelf":false,"isSkipSelf":false,"isOptional":true,"token":{"identifier":{"reference":{"__symbol":122,"members":[]}}}}],"lifecycleHooks":[]}},"useClass":{"reference":{"__symbol":121,"members":[]},"diDeps":[{"isAttribute":false,"isHost":false,"isSelf":false,"isSkipSelf":false,"isOptional":true,"token":{"identifier":{"reference":{"__symbol":122,"members":[]}}}}],"lifecycleHooks":[]},"useFactory":null,"deps":[{"isAttribute":false,"isHost":false,"isSelf":false,"isSkipSelf":false,"isOptional":true,"token":{"identifier":{"reference":{"__symbol":122,"members":[]}}}}],"multi":false},"module":{"reference":{"__symbol":4,"members":[]},"diDeps":[{"isAttribute":false,"isHost":false,"isSelf":false,"isSkipSelf":false,"isOptional":false,"token":{"identifier":{"reference":{"__symbol":5,"members":[]}}}}],"lifecycleHooks":[]}},{"provider":{"token":{"identifier":{"reference":{"__symbol":123,"members":[]},"diDeps":[{"isAttribute":false,"isHost":false,"isSelf":false,"isSkipSelf":false,"isOptional":false,"token":{"identifier":{"reference":{"__symbol":120,"members":[]}}}},{"isAttribute":false,"isHost":false,"isSelf":false,"isSkipSelf":false,"isOptional":false,"token":{"identifier":{"reference":{"__symbol":118,"members":[]}}}},{"isAttribute":false,"isHost":false,"isSelf":false,"isSkipSelf":false,"isOptional":true,"token":{"identifier":{"reference":{"__symbol":124,"members":[]}}}}],"lifecycleHooks":[]}},"useClass":{"reference":{"__symbol":123,"members":[]},"diDeps":[{"isAttribute":false,"isHost":false,"isSelf":false,"isSkipSelf":false,"isOptional":false,"token":{"identifier":{"reference":{"__symbol":120,"members":[]}}}},{"isAttribute":false,"isHost":false,"isSelf":false,"isSkipSelf":false,"isOptional":false,"token":{"identifier":{"reference":{"__symbol":118,"members":[]}}}},{"isAttribute":false,"isHost":false,"isSelf":false,"isSkipSelf":false,"isOptional":true,"token":{"identifier":{"reference":{"__symbol":124,"members":[]}}}}],"lifecycleHooks":[]},"useFactory":null,"deps":[{"isAttribute":false,"isHost":false,"isSelf":false,"isSkipSelf":false,"isOptional":false,"token":{"identifier":{"reference":{"__symbol":120,"members":[]}}}},{"isAttribute":false,"isHost":false,"isSelf":false,"isSkipSelf":false,"isOptional":false,"token":{"identifier":{"reference":{"__symbol":118,"members":[]}}}},{"isAttribute":false,"isHost":false,"isSelf":false,"isSkipSelf":false,"isOptional":true,"token":{"identifier":{"reference":{"__symbol":124,"members":[]}}}}],"multi":false},"module":{"reference":{"__symbol":4,"members":[]},"diDeps":[{"isAttribute":false,"isHost":false,"isSelf":false,"isSkipSelf":false,"isOptional":false,"token":{"identifier":{"reference":{"__symbol":5,"members":[]}}}}],"lifecycleHooks":[]}},{"provider":{"token":{"identifier":{"reference":{"__symbol":125,"members":[]},"diDeps":[{"isAttribute":false,"isHost":false,"isSelf":false,"isSkipSelf":false,"isOptional":false,"token":{"identifier":{"reference":{"__symbol":15,"members":[]}}}},{"isAttribute":false,"isHost":false,"isSelf":false,"isSkipSelf":false,"isOptional":false,"token":{"identifier":{"reference":{"__symbol":20,"members":[]}}}},{"isAttribute":false,"isHost":false,"isSelf":false,"isSkipSelf":false,"isOptional":false,"token":{"identifier":{"reference":{"__symbol":18,"members":[]}}}}],"lifecycleHooks":[]}},"useClass":{"reference":{"__symbol":125,"members":[]},"diDeps":[{"isAttribute":false,"isHost":false,"isSelf":false,"isSkipSelf":false,"isOptional":false,"token":{"identifier":{"reference":{"__symbol":15,"members":[]}}}},{"isAttribute":false,"isHost":false,"isSelf":false,"isSkipSelf":false,"isOptional":false,"token":{"identifier":{"reference":{"__symbol":20,"members":[]}}}},{"isAttribute":false,"isHost":false,"isSelf":false,"isSkipSelf":false,"isOptional":false,"token":{"identifier":{"reference":{"__symbol":18,"members":[]}}}}],"lifecycleHooks":[]},"useFactory":null,"deps":[{"isAttribute":false,"isHost":false,"isSelf":false,"isSkipSelf":false,"isOptional":false,"token":{"identifier":{"reference":{"__symbol":15,"members":[]}}}},{"isAttribute":false,"isHost":false,"isSelf":false,"isSkipSelf":false,"isOptional":false,"token":{"identifier":{"reference":{"__symbol":20,"members":[]}}}},{"isAttribute":false,"isHost":false,"isSelf":false,"isSkipSelf":false,"isOptional":false,"token":{"identifier":{"reference":{"__symbol":18,"members":[]}}}}],"multi":false},"module":{"reference":{"__symbol":4,"members":[]},"diDeps":[{"isAttribute":false,"isHost":false,"isSelf":false,"isSkipSelf":false,"isOptional":false,"token":{"identifier":{"reference":{"__symbol":5,"members":[]}}}}],"lifecycleHooks":[]}},{"provider":{"token":{"identifier":{"reference":{"__symbol":126,"members":[]},"diDeps":[{"isAttribute":false,"isHost":false,"isSelf":false,"isSkipSelf":false,"isOptional":false,"token":{"identifier":{"reference":{"__symbol":109,"members":[]}}}}],"lifecycleHooks":[]}},"useClass":{"reference":{"__symbol":126,"members":[]},"diDeps":[{"isAttribute":false,"isHost":false,"isSelf":false,"isSkipSelf":false,"isOptional":false,"token":{"identifier":{"reference":{"__symbol":109,"members":[]}}}}],"lifecycleHooks":[]},"useFactory":null,"deps":[{"isAttribute":false,"isHost":false,"isSelf":false,"isSkipSelf":false,"isOptional":false,"token":{"identifier":{"reference":{"__symbol":109,"members":[]}}}}],"multi":false},"module":{"reference":{"__symbol":4,"members":[]},"diDeps":[{"isAttribute":false,"isHost":false,"isSelf":false,"isSkipSelf":false,"isOptional":false,"token":{"identifier":{"reference":{"__symbol":5,"members":[]}}}}],"lifecycleHooks":[]}},{"provider":{"token":{"identifier":{"reference":{"__symbol":12,"members":[]}}},"useClass":null,"useValue":{"__symbol":1,"members":[]},"useFactory":null,"multi":false},"module":{"reference":{"__symbol":4,"members":[]},"diDeps":[{"isAttribute":false,"isHost":false,"isSelf":false,"isSkipSelf":false,"isOptional":false,"token":{"identifier":{"reference":{"__symbol":5,"members":[]}}}}],"lifecycleHooks":[]}},{"provider":{"token":{"identifier":{"reference":{"__symbol":127,"members":[]}}},"useClass":null,"useValue":{"__symbol":2,"members":[]},"useFactory":null,"multi":true},"module":{"reference":{"__symbol":4,"members":[]},"diDeps":[{"isAttribute":false,"isHost":false,"isSelf":false,"isSkipSelf":false,"isOptional":false,"token":{"identifier":{"reference":{"__symbol":5,"members":[]}}}}],"lifecycleHooks":[]}},{"provider":{"token":{"identifier":{"reference":{"__symbol":128,"members":[]}}},"useClass":{"reference":{"__symbol":129,"members":[]},"diDeps":[{"isAttribute":false,"isHost":false,"isSelf":false,"isSkipSelf":false,"isOptional":false,"token":{"identifier":{"reference":{"__symbol":127,"members":[]}}}}],"lifecycleHooks":[]},"useFactory":null,"deps":[{"isAttribute":false,"isHost":false,"isSelf":false,"isSkipSelf":false,"isOptional":false,"token":{"identifier":{"reference":{"__symbol":127,"members":[]}}}}],"multi":false},"module":{"reference":{"__symbol":4,"members":[]},"diDeps":[{"isAttribute":false,"isHost":false,"isSelf":false,"isSkipSelf":false,"isOptional":false,"token":{"identifier":{"reference":{"__symbol":5,"members":[]}}}}],"lifecycleHooks":[]}},{"provider":{"token":{"identifier":{"reference":{"__symbol":24,"members":[]}}},"useClass":null,"useFactory":{"reference":{"__symbol":0,"members":[]},"diDeps":[{"isAttribute":false,"isHost":false,"isSelf":false,"isSkipSelf":false,"isOptional":false,"token":{"identifier":{"reference":{"__symbol":128,"members":[]}}}}]},"deps":[{"isAttribute":false,"isHost":false,"isSelf":false,"isSkipSelf":false,"isOptional":false,"token":{"identifier":{"reference":{"__symbol":128,"members":[]}}}}],"multi":false},"module":{"reference":{"__symbol":4,"members":[]},"diDeps":[{"isAttribute":false,"isHost":false,"isSelf":false,"isSkipSelf":false,"isOptional":false,"token":{"identifier":{"reference":{"__symbol":5,"members":[]}}}}],"lifecycleHooks":[]}},{"provider":{"token":{"identifier":{"reference":{"__symbol":130,"members":[]},"diDeps":[{"isAttribute":false,"isHost":false,"isSelf":false,"isSkipSelf":false,"isOptional":false,"token":{"identifier":{"reference":{"__symbol":120,"members":[]}}}},{"isAttribute":false,"isHost":false,"isSelf":false,"isSkipSelf":false,"isOptional":false,"token":{"identifier":{"reference":{"__symbol":5,"members":[]}}}},{"isAttribute":false,"isHost":false,"isSelf":false,"isSkipSelf":false,"isOptional":false,"token":{"identifier":{"reference":{"__symbol":116,"members":[]}}}},{"isAttribute":false,"isHost":false,"isSelf":false,"isSkipSelf":false,"isOptional":false,"token":{"identifier":{"reference":{"__symbol":118,"members":[]}}}},{"isAttribute":false,"isHost":false,"isSelf":false,"isSkipSelf":false,"isOptional":false,"token":{"identifier":{"reference":{"__symbol":119,"members":[]}}}},{"isAttribute":false,"isHost":false,"isSelf":false,"isSkipSelf":false,"isOptional":false,"token":{"identifier":{"reference":{"__symbol":121,"members":[]}}}},{"isAttribute":false,"isHost":false,"isSelf":false,"isSkipSelf":false,"isOptional":false,"token":{"identifier":{"reference":{"__symbol":125,"members":[]}}}},{"isAttribute":false,"isHost":false,"isSelf":false,"isSkipSelf":false,"isOptional":true,"token":{"identifier":{"reference":{"__symbol":123,"members":[]}}}},{"isAttribute":false,"isHost":false,"isSelf":false,"isSkipSelf":false,"isOptional":true,"token":{"identifier":{"reference":{"__symbol":124,"members":[]}}}}],"lifecycleHooks":[]}},"useClass":{"reference":{"__symbol":130,"members":[]},"diDeps":[{"isAttribute":false,"isHost":false,"isSelf":false,"isSkipSelf":false,"isOptional":false,"token":{"identifier":{"reference":{"__symbol":120,"members":[]}}}},{"isAttribute":false,"isHost":false,"isSelf":false,"isSkipSelf":false,"isOptional":false,"token":{"identifier":{"reference":{"__symbol":5,"members":[]}}}},{"isAttribute":false,"isHost":false,"isSelf":false,"isSkipSelf":false,"isOptional":false,"token":{"identifier":{"reference":{"__symbol":116,"members":[]}}}},{"isAttribute":false,"isHost":false,"isSelf":false,"isSkipSelf":false,"isOptional":false,"token":{"identifier":{"reference":{"__symbol":118,"members":[]}}}},{"isAttribute":false,"isHost":false,"isSelf":false,"isSkipSelf":false,"isOptional":false,"token":{"identifier":{"reference":{"__symbol":119,"members":[]}}}},{"isAttribute":false,"isHost":false,"isSelf":false,"isSkipSelf":false,"isOptional":false,"token":{"identifier":{"reference":{"__symbol":121,"members":[]}}}},{"isAttribute":false,"isHost":false,"isSelf":false,"isSkipSelf":false,"isOptional":false,"token":{"identifier":{"reference":{"__symbol":125,"members":[]}}}},{"isAttribute":false,"isHost":false,"isSelf":false,"isSkipSelf":false,"isOptional":true,"token":{"identifier":{"reference":{"__symbol":123,"members":[]}}}},{"isAttribute":false,"isHost":false,"isSelf":false,"isSkipSelf":false,"isOptional":true,"token":{"identifier":{"reference":{"__symbol":124,"members":[]}}}}],"lifecycleHooks":[]},"useFactory":null,"deps":[{"isAttribute":false,"isHost":false,"isSelf":false,"isSkipSelf":false,"isOptional":false,"token":{"identifier":{"reference":{"__symbol":120,"members":[]}}}},{"isAttribute":false,"isHost":false,"isSelf":false,"isSkipSelf":false,"isOptional":false,"token":{"identifier":{"reference":{"__symbol":5,"members":[]}}}},{"isAttribute":false,"isHost":false,"isSelf":false,"isSkipSelf":false,"isOptional":false,"token":{"identifier":{"reference":{"__symbol":116,"members":[]}}}},{"isAttribute":false,"isHost":false,"isSelf":false,"isSkipSelf":false,"isOptional":false,"token":{"identifier":{"reference":{"__symbol":118,"members":[]}}}},{"isAttribute":false,"isHost":false,"isSelf":false,"isSkipSelf":false,"isOptional":false,"token":{"identifier":{"reference":{"__symbol":119,"members":[]}}}},{"isAttribute":false,"isHost":false,"isSelf":false,"isSkipSelf":false,"isOptional":false,"token":{"identifier":{"reference":{"__symbol":121,"members":[]}}}},{"isAttribute":false,"isHost":false,"isSelf":false,"isSkipSelf":false,"isOptional":false,"token":{"identifier":{"reference":{"__symbol":125,"members":[]}}}},{"isAttribute":false,"isHost":false,"isSelf":false,"isSkipSelf":false,"isOptional":true,"token":{"identifier":{"reference":{"__symbol":123,"members":[]}}}},{"isAttribute":false,"isHost":false,"isSelf":false,"isSkipSelf":false,"isOptional":true,"token":{"identifier":{"reference":{"__symbol":124,"members":[]}}}}],"multi":false},"module":{"reference":{"__symbol":4,"members":[]},"diDeps":[{"isAttribute":false,"isHost":false,"isSelf":false,"isSkipSelf":false,"isOptional":false,"token":{"identifier":{"reference":{"__symbol":5,"members":[]}}}}],"lifecycleHooks":[]}},{"provider":{"token":{"identifier":{"reference":{"__symbol":82,"members":[]}}},"useClass":null,"useValue":{"__symbol":3,"members":[]},"useFactory":null,"multi":false},"module":{"reference":{"__symbol":4,"members":[]},"diDeps":[{"isAttribute":false,"isHost":false,"isSelf":false,"isSkipSelf":false,"isOptional":false,"token":{"identifier":{"reference":{"__symbol":5,"members":[]}}}}],"lifecycleHooks":[]}},{"provider":{"token":{"identifier":{"reference":{"__symbol":74,"members":[]}}},"useClass":{"reference":{"__symbol":131,"members":[]},"diDeps":[{"isAttribute":false,"isHost":false,"isSelf":false,"isSkipSelf":false,"isOptional":false,"token":{"identifier":{"reference":{"__symbol":109,"members":[]}}}},{"isAttribute":false,"isHost":false,"isSelf":false,"isSkipSelf":false,"isOptional":false,"token":{"identifier":{"reference":{"__symbol":24,"members":[]}}}},{"isAttribute":false,"isHost":false,"isSelf":false,"isSkipSelf":false,"isOptional":true,"token":{"identifier":{"reference":{"__symbol":82,"members":[]}}}}],"lifecycleHooks":[]},"useFactory":null,"deps":[{"isAttribute":false,"isHost":false,"isSelf":false,"isSkipSelf":false,"isOptional":false,"token":{"identifier":{"reference":{"__symbol":109,"members":[]}}}},{"isAttribute":false,"isHost":false,"isSelf":false,"isSkipSelf":false,"isOptional":false,"token":{"identifier":{"reference":{"__symbol":24,"members":[]}}}},{"isAttribute":false,"isHost":false,"isSelf":false,"isSkipSelf":false,"isOptional":true,"token":{"identifier":{"reference":{"__symbol":82,"members":[]}}}}],"multi":false},"module":{"reference":{"__symbol":4,"members":[]},"diDeps":[{"isAttribute":false,"isHost":false,"isSelf":false,"isSkipSelf":false,"isOptional":false,"token":{"identifier":{"reference":{"__symbol":5,"members":[]}}}}],"lifecycleHooks":[]}}],"modules":[{"reference":{"__symbol":14,"members":[]},"diDeps":[],"lifecycleHooks":[]},{"reference":{"__symbol":22,"members":[]},"diDeps":[{"isAttribute":false,"isHost":false,"isSelf":false,"isSkipSelf":false,"isOptional":false,"token":{"identifier":{"reference":{"__symbol":15,"members":[]}}}}],"lifecycleHooks":[]},{"reference":{"__symbol":34,"members":[]},"diDeps":[{"isAttribute":false,"isHost":false,"isSelf":false,"isSkipSelf":true,"isOptional":true,"token":{"identifier":{"reference":{"__symbol":34,"members":[]}}}}],"lifecycleHooks":[]},{"reference":{"__symbol":57,"members":[]},"diDeps":[],"lifecycleHooks":[]},{"reference":{"__symbol":132,"members":[]},"diDeps":[{"isAttribute":false,"isHost":false,"isSelf":false,"isSkipSelf":false,"isOptional":true,"token":{"identifier":{"reference":{"__symbol":87,"members":[]}}}},{"isAttribute":false,"isHost":false,"isSelf":false,"isSkipSelf":false,"isOptional":true,"token":{"identifier":{"reference":{"__symbol":5,"members":[]}}}}],"lifecycleHooks":[]},{"reference":{"__symbol":69,"members":[]},"diDeps":[],"lifecycleHooks":[]},{"reference":{"__symbol":104,"members":[]},"diDeps":[],"lifecycleHooks":[]},{"reference":{"__symbol":108,"members":[]},"diDeps":[],"lifecycleHooks":[]},{"reference":{"__symbol":4,"members":[]},"diDeps":[{"isAttribute":false,"isHost":false,"isSelf":false,"isSkipSelf":false,"isOptional":false,"token":{"identifier":{"reference":{"__symbol":5,"members":[]}}}}],"lifecycleHooks":[]}],"exportedDirectives":[],"exportedPipes":[]}}],"symbols":[{"__symbol":0,"name":"createCompiler","filePath":"./app.module"},{"__symbol":1,"name":"ɵ0","filePath":"./app.module"},{"__symbol":2,"name":"ɵ1","filePath":"./app.module"},{"__symbol":3,"name":"ɵ2","filePath":"./app.module"},{"__symbol":4,"name":"AppModule","filePath":"./app.module"},{"__symbol":5,"name":"Router","filePath":"@angular/router"},{"__symbol":6,"name":"ɵEmptyOutletComponent","filePath":"@angular/router"},{"__symbol":7,"name":"ɵEmptyOutletComponentNgFactory","filePath":"../../../../node_modules/@angular/router/router.ngfactory"},{"__symbol":8,"name":"AppComponent","filePath":"./app.component"},{"__symbol":9,"name":"AppComponentNgFactory","filePath":"./app.component.ngfactory"},{"__symbol":10,"name":"NgLocalization","filePath":"@angular/common"},{"__symbol":11,"name":"NgLocaleLocalization","filePath":"@angular/common"},{"__symbol":12,"name":"LOCALE_ID","filePath":"@angular/core"},{"__symbol":13,"name":"ɵangular_packages_common_common_a","filePath":"@angular/common"},{"__symbol":14,"name":"CommonModule","filePath":"@angular/common"},{"__symbol":15,"name":"ApplicationRef","filePath":"@angular/core"},{"__symbol":16,"name":"NgZone","filePath":"@angular/core"},{"__symbol":17,"name":"ɵConsole","filePath":"@angular/core"},{"__symbol":18,"name":"Injector","filePath":"@angular/core"},{"__symbol":19,"name":"ErrorHandler","filePath":"@angular/core"},{"__symbol":20,"name":"ComponentFactoryResolver","filePath":"@angular/core"},{"__symbol":21,"name":"ApplicationInitStatus","filePath":"@angular/core"},{"__symbol":22,"name":"ApplicationModule","filePath":"@angular/core"},{"__symbol":23,"name":"APP_INITIALIZER","filePath":"@angular/core"},{"__symbol":24,"name":"Compiler","filePath":"@angular/core"},{"__symbol":25,"name":"APP_ID","filePath":"@angular/core"},{"__symbol":26,"name":"ɵangular_packages_core_core_h","filePath":"@angular/core"},{"__symbol":27,"name":"IterableDiffers","filePath":"@angular/core"},{"__symbol":28,"name":"ɵangular_packages_core_core_q","filePath":"@angular/core"},{"__symbol":29,"name":"KeyValueDiffers","filePath":"@angular/core"},{"__symbol":30,"name":"ɵangular_packages_core_core_r","filePath":"@angular/core"},{"__symbol":31,"name":"ɵangular_packages_core_core_s","filePath":"@angular/core"},{"__symbol":32,"name":"Sanitizer","filePath":"@angular/core"},{"__symbol":33,"name":"DomSanitizer","filePath":"@angular/platform-browser"},{"__symbol":34,"name":"BrowserModule","filePath":"@angular/platform-browser"},{"__symbol":35,"name":"ɵDomSanitizerImpl","filePath":"@angular/platform-browser"},{"__symbol":36,"name":"DOCUMENT","filePath":"@angular/common"},{"__symbol":37,"name":"ɵAPP_ROOT","filePath":"@angular/core"},{"__symbol":38,"name":"ɵangular_packages_platform_browser_platform_browser_a","filePath":"@angular/platform-browser"},{"__symbol":39,"name":"EVENT_MANAGER_PLUGINS","filePath":"@angular/platform-browser"},{"__symbol":40,"name":"ɵDomEventsPlugin","filePath":"@angular/platform-browser"},{"__symbol":41,"name":"PLATFORM_ID","filePath":"@angular/core"},{"__symbol":42,"name":"ɵKeyEventsPlugin","filePath":"@angular/platform-browser"},{"__symbol":43,"name":"ɵHammerGesturesPlugin","filePath":"@angular/platform-browser"},{"__symbol":44,"name":"HAMMER_GESTURE_CONFIG","filePath":"@angular/platform-browser"},{"__symbol":45,"name":"HAMMER_LOADER","filePath":"@angular/platform-browser"},{"__symbol":46,"name":"HammerGestureConfig","filePath":"@angular/platform-browser"},{"__symbol":47,"name":"ɵDomRendererFactory2","filePath":"@angular/platform-browser"},{"__symbol":48,"name":"EventManager","filePath":"@angular/platform-browser"},{"__symbol":49,"name":"ɵDomSharedStylesHost","filePath":"@angular/platform-browser"},{"__symbol":50,"name":"RendererFactory2","filePath":"@angular/core"},{"__symbol":51,"name":"ɵSharedStylesHost","filePath":"@angular/platform-browser"},{"__symbol":52,"name":"Testability","filePath":"@angular/core"},{"__symbol":53,"name":"ɵangular_packages_platform_browser_platform_browser_j","filePath":"@angular/platform-browser"},{"__symbol":54,"name":"NgProbeToken","filePath":"@angular/core"},{"__symbol":55,"name":"AnimationDriver","filePath":"@angular/animations/browser/browser"},{"__symbol":56,"name":"ɵangular_packages_platform_browser_animations_animations_a","filePath":"@angular/platform-browser/animations/animations"},{"__symbol":57,"name":"BrowserAnimationsModule","filePath":"@angular/platform-browser/animations/animations"},{"__symbol":58,"name":"ANIMATION_MODULE_TYPE","filePath":"@angular/platform-browser/animations/animations"},{"__symbol":59,"name":"AnimationBuilder","filePath":"@angular/animations"},{"__symbol":60,"name":"ɵBrowserAnimationBuilder","filePath":"@angular/platform-browser/animations/animations"},{"__symbol":61,"name":"DOCUMENT","filePath":"@angular/platform-browser"},{"__symbol":62,"name":"ɵAnimationStyleNormalizer","filePath":"@angular/animations/browser/browser"},{"__symbol":63,"name":"ɵangular_packages_platform_browser_animations_animations_b","filePath":"@angular/platform-browser/animations/animations"},{"__symbol":64,"name":"ɵAnimationEngine","filePath":"@angular/animations/browser/browser"},{"__symbol":65,"name":"ɵInjectableAnimationEngine","filePath":"@angular/platform-browser/animations/animations"},{"__symbol":66,"name":"ɵangular_packages_platform_browser_animations_animations_c","filePath":"@angular/platform-browser/animations/animations"},{"__symbol":67,"name":"Location","filePath":"@angular/common"},{"__symbol":68,"name":"LocationStrategy","filePath":"@angular/common"},{"__symbol":69,"name":"AppRoutingModule","filePath":"./app-routing.module"},{"__symbol":70,"name":"UrlSerializer","filePath":"@angular/router"},{"__symbol":71,"name":"DefaultUrlSerializer","filePath":"@angular/router"},{"__symbol":72,"name":"ɵangular_packages_router_router_f","filePath":"@angular/router"},{"__symbol":73,"name":"ChildrenOutletContexts","filePath":"@angular/router"},{"__symbol":74,"name":"NgModuleFactoryLoader","filePath":"@angular/core"},{"__symbol":75,"name":"ROUTES","filePath":"@angular/router"},{"__symbol":76,"name":"ROUTER_CONFIGURATION","filePath":"@angular/router"},{"__symbol":77,"name":"UrlHandlingStrategy","filePath":"@angular/router"},{"__symbol":78,"name":"RouteReuseStrategy","filePath":"@angular/router"},{"__symbol":79,"name":"ActivatedRoute","filePath":"@angular/router"},{"__symbol":80,"name":"ɵangular_packages_router_router_g","filePath":"@angular/router"},{"__symbol":81,"name":"SystemJsNgModuleLoader","filePath":"@angular/core"},{"__symbol":82,"name":"SystemJsNgModuleLoaderConfig","filePath":"@angular/core"},{"__symbol":83,"name":"RouterPreloader","filePath":"@angular/router"},{"__symbol":84,"name":"PreloadingStrategy","filePath":"@angular/router"},{"__symbol":85,"name":"NoPreloading","filePath":"@angular/router"},{"__symbol":86,"name":"PreloadAllModules","filePath":"@angular/router"},{"__symbol":87,"name":"ɵangular_packages_router_router_a","filePath":"@angular/router"},{"__symbol":88,"name":"ɵangular_packages_router_router_e","filePath":"@angular/router"},{"__symbol":89,"name":"ɵangular_packages_router_router_d","filePath":"@angular/router"},{"__symbol":90,"name":"PlatformLocation","filePath":"@angular/common"},{"__symbol":91,"name":"APP_BASE_HREF","filePath":"@angular/common"},{"__symbol":92,"name":"ɵangular_packages_router_router_n","filePath":"@angular/router"},{"__symbol":93,"name":"ɵangular_packages_router_router_c","filePath":"@angular/router"},{"__symbol":94,"name":"ViewportScroller","filePath":"@angular/common"},{"__symbol":95,"name":"ɵangular_packages_router_router_b","filePath":"@angular/router"},{"__symbol":96,"name":"ɵangular_packages_router_router_h","filePath":"@angular/router"},{"__symbol":97,"name":"ɵangular_packages_router_router_i","filePath":"@angular/router"},{"__symbol":98,"name":"ROUTER_INITIALIZER","filePath":"@angular/router"},{"__symbol":99,"name":"ɵangular_packages_router_router_j","filePath":"@angular/router"},{"__symbol":100,"name":"APP_BOOTSTRAP_LISTENER","filePath":"@angular/core"},{"__symbol":101,"name":"ɵangular_packages_common_http_http_h","filePath":"@angular/common/http/http"},{"__symbol":102,"name":"HttpXsrfTokenExtractor","filePath":"@angular/common/http/http"},{"__symbol":103,"name":"ɵangular_packages_common_http_http_f","filePath":"@angular/common/http/http"},{"__symbol":104,"name":"HttpClientXsrfModule","filePath":"@angular/common/http/http"},{"__symbol":105,"name":"HTTP_INTERCEPTORS","filePath":"@angular/common/http/http"},{"__symbol":106,"name":"ɵangular_packages_common_http_http_g","filePath":"@angular/common/http/http"},{"__symbol":107,"name":"ɵangular_packages_common_http_http_e","filePath":"@angular/common/http/http"},{"__symbol":108,"name":"HttpClientModule","filePath":"@angular/common/http/http"},{"__symbol":109,"name":"HttpClient","filePath":"@angular/common/http/http"},{"__symbol":110,"name":"HttpHandler","filePath":"@angular/common/http/http"},{"__symbol":111,"name":"ɵHttpInterceptingHandler","filePath":"@angular/common/http/http"},{"__symbol":112,"name":"HttpBackend","filePath":"@angular/common/http/http"},{"__symbol":113,"name":"HttpXhrBackend","filePath":"@angular/common/http/http"},{"__symbol":114,"name":"XhrFactory","filePath":"@angular/common/http/http"},{"__symbol":115,"name":"ɵangular_packages_common_http_http_d","filePath":"@angular/common/http/http"},{"__symbol":116,"name":"CacheService","filePath":"@ecp-caf/caf-common"},{"__symbol":117,"name":"CacheStorageAbstract","filePath":"@ecp-caf/caf-common"},{"__symbol":118,"name":"SessionService","filePath":"@ecp-caf/caf-common"},{"__symbol":119,"name":"FrmEventBus","filePath":"@gsp-sys/rtf-common"},{"__symbol":120,"name":"HttpService","filePath":"@ecp-caf/caf-common"},{"__symbol":121,"name":"FuncsService","filePath":"@gsp-sys/rtf-common"},{"__symbol":122,"name":"FrameworkVariableService","filePath":"@gsp-sys/rtf-common"},{"__symbol":123,"name":"AppService","filePath":"@gsp-sys/rtf-common"},{"__symbol":124,"name":"FrmI18nSettingService","filePath":"@gsp-sys/rtf-common"},{"__symbol":125,"name":"LoadingService","filePath":"@gsp-sys/rtf-common"},{"__symbol":126,"name":"NavigateGuard","filePath":"./navigate-guard"},{"__symbol":127,"name":"COMPILER_OPTIONS","filePath":"@angular/core"},{"__symbol":128,"name":"CompilerFactory","filePath":"@angular/core"},{"__symbol":129,"name":"JitCompilerFactory","filePath":"@angular/platform-browser-dynamic"},{"__symbol":130,"name":"FrameworkService","filePath":"@gsp-sys/rtf-common"},{"__symbol":131,"name":"SystemjsLcModuleloaderGenerator","filePath":"./systemjs-lc-moduleloader"},{"__symbol":132,"name":"RouterModule","filePath":"@angular/router"}]}