{"moduleName":null,"summaries":[{"symbol":{"__symbol":0,"members":[]},"metadata":{"__symbolic":"class","extends":{"__symbol":1,"members":[]},"members":{"id":[{"__symbolic":"property","decorators":[{"__symbolic":"call","expression":{"__symbol":2,"members":[]},"arguments":[{"originalDataField":"ID","dataField":"id","primary":true,"originalDataFieldType":"String","initValue":"","path":"ID","validRules":[{"type":"required","constraints":[true]},{"type":"maxLength","constraints":[36],"message":"最大长度为36"}]}]}]}],"version":[{"__symbolic":"property","decorators":[{"__symbolic":"call","expression":{"__symbol":2,"members":[]},"arguments":[{"originalDataField":"Version","dataField":"version","originalDataFieldType":"DateTime","initValue":"0001-01-01T00:00:00","path":"Version","enableTimeZone":true}]}]}],"marxismLeninism":[{"__symbolic":"property","decorators":[{"__symbolic":"call","expression":{"__symbol":2,"members":[]},"arguments":[{"originalDataField":"MarxismLeninism","dataField":"marxismLeninism","originalDataFieldType":"String","initValue":"","path":"MarxismLeninism","validRules":[{"type":"maxLength","constraints":[36],"message":"最大长度为36"}]}]}]}],"philosophyreligion":[{"__symbolic":"property","decorators":[{"__symbolic":"call","expression":{"__symbol":2,"members":[]},"arguments":[{"originalDataField":"Philosophyreligion","dataField":"philosophyreligion","originalDataFieldType":"String","initValue":"","path":"Philosophyreligion","validRules":[{"type":"maxLength","constraints":[36],"message":"最大长度为36"}]}]}]}],"socialSciences":[{"__symbolic":"property","decorators":[{"__symbolic":"call","expression":{"__symbol":2,"members":[]},"arguments":[{"originalDataField":"SocialSciences","dataField":"socialSciences","originalDataFieldType":"String","initValue":"","path":"SocialSciences","validRules":[{"type":"maxLength","constraints":[36],"message":"最大长度为36"}]}]}]}],"politicallaw":[{"__symbolic":"property","decorators":[{"__symbolic":"call","expression":{"__symbol":2,"members":[]},"arguments":[{"originalDataField":"Politicallaw","dataField":"politicallaw","originalDataFieldType":"String","initValue":"","path":"Politicallaw","validRules":[{"type":"maxLength","constraints":[36],"message":"最大长度为36"}]}]}]}],"militaryaffairs":[{"__symbolic":"property","decorators":[{"__symbolic":"call","expression":{"__symbol":2,"members":[]},"arguments":[{"originalDataField":"militaryaffairs","dataField":"militaryaffairs","originalDataFieldType":"String","initValue":"","path":"militaryaffairs","validRules":[{"type":"maxLength","constraints":[36],"message":"最大长度为36"}]}]}]}],"economy":[{"__symbolic":"property","decorators":[{"__symbolic":"call","expression":{"__symbol":2,"members":[]},"arguments":[{"originalDataField":"economy","dataField":"economy","originalDataFieldType":"String","initValue":"","path":"economy","validRules":[{"type":"maxLength","constraints":[36],"message":"最大长度为36"}]}]}]}],"culture":[{"__symbolic":"property","decorators":[{"__symbolic":"call","expression":{"__symbol":2,"members":[]},"arguments":[{"originalDataField":"culture","dataField":"culture","originalDataFieldType":"String","initValue":"","path":"culture","validRules":[{"type":"maxLength","constraints":[36],"message":"最大长度为36"}]}]}]}],"languages":[{"__symbolic":"property","decorators":[{"__symbolic":"call","expression":{"__symbol":2,"members":[]},"arguments":[{"originalDataField":"Languages","dataField":"languages","originalDataFieldType":"String","initValue":"","path":"Languages","validRules":[{"type":"maxLength","constraints":[36],"message":"最大长度为36"}]}]}]}],"literature":[{"__symbolic":"property","decorators":[{"__symbolic":"call","expression":{"__symbol":2,"members":[]},"arguments":[{"originalDataField":"literature","dataField":"literature","originalDataFieldType":"String","initValue":"","path":"literature","validRules":[{"type":"maxLength","constraints":[36],"message":"最大长度为36"}]}]}]}],"art":[{"__symbolic":"property","decorators":[{"__symbolic":"call","expression":{"__symbol":2,"members":[]},"arguments":[{"originalDataField":"art","dataField":"art","originalDataFieldType":"String","initValue":"","path":"art","validRules":[{"type":"maxLength","constraints":[36],"message":"最大长度为36"}]}]}]}],"historygeographically":[{"__symbolic":"property","decorators":[{"__symbolic":"call","expression":{"__symbol":2,"members":[]},"arguments":[{"originalDataField":"historygeographically","dataField":"historygeographically","originalDataFieldType":"String","initValue":"","path":"historygeographically","validRules":[{"type":"maxLength","constraints":[36],"message":"最大长度为36"}]}]}]}],"ntroductiontoNaturalScience":[{"__symbolic":"property","decorators":[{"__symbolic":"call","expression":{"__symbol":2,"members":[]},"arguments":[{"originalDataField":"ntroductiontoNaturalScience","dataField":"ntroductiontoNaturalScience","originalDataFieldType":"String","initValue":"","path":"ntroductiontoNaturalScience","validRules":[{"type":"maxLength","constraints":[36],"message":"最大长度为36"}]}]}]}],"mathematicalChemistry":[{"__symbolic":"property","decorators":[{"__symbolic":"call","expression":{"__symbol":2,"members":[]},"arguments":[{"originalDataField":"MathematicalChemistry","dataField":"mathematicalChemistry","originalDataFieldType":"String","initValue":"","path":"MathematicalChemistry","validRules":[{"type":"maxLength","constraints":[36],"message":"最大长度为36"}]}]}]}],"astronomyEarthScience":[{"__symbolic":"property","decorators":[{"__symbolic":"call","expression":{"__symbol":2,"members":[]},"arguments":[{"originalDataField":"AstronomyEarthScience","dataField":"astronomyEarthScience","originalDataFieldType":"String","initValue":"","path":"AstronomyEarthScience","validRules":[{"type":"maxLength","constraints":[36],"message":"最大长度为36"}]}]}]}],"biological":[{"__symbolic":"property","decorators":[{"__symbolic":"call","expression":{"__symbol":2,"members":[]},"arguments":[{"originalDataField":"biological","dataField":"biological","originalDataFieldType":"String","initValue":"","path":"biological","validRules":[{"type":"maxLength","constraints":[36],"message":"最大长度为36"}]}]}]}],"medicineHealth":[{"__symbolic":"property","decorators":[{"__symbolic":"call","expression":{"__symbol":2,"members":[]},"arguments":[{"originalDataField":"MedicineHealth","dataField":"medicineHealth","originalDataFieldType":"String","initValue":"","path":"MedicineHealth","validRules":[{"type":"maxLength","constraints":[36],"message":"最大长度为36"}]}]}]}],"agriculture":[{"__symbolic":"property","decorators":[{"__symbolic":"call","expression":{"__symbol":2,"members":[]},"arguments":[{"originalDataField":"Agriculture","dataField":"agriculture","originalDataFieldType":"String","initValue":"","path":"Agriculture","validRules":[{"type":"maxLength","constraints":[36],"message":"最大长度为36"}]}]}]}],"technology":[{"__symbolic":"property","decorators":[{"__symbolic":"call","expression":{"__symbol":2,"members":[]},"arguments":[{"originalDataField":"technology","dataField":"technology","originalDataFieldType":"String","initValue":"","path":"technology","validRules":[{"type":"maxLength","constraints":[36],"message":"最大长度为36"}]}]}]}],"transportation":[{"__symbolic":"property","decorators":[{"__symbolic":"call","expression":{"__symbol":2,"members":[]},"arguments":[{"originalDataField":"Transportation","dataField":"transportation","originalDataFieldType":"String","initValue":"","path":"Transportation","validRules":[{"type":"maxLength","constraints":[36],"message":"最大长度为36"}]}]}]}],"aerospace":[{"__symbolic":"property","decorators":[{"__symbolic":"call","expression":{"__symbol":2,"members":[]},"arguments":[{"originalDataField":"Aerospace","dataField":"aerospace","originalDataFieldType":"String","initValue":"","path":"Aerospace","validRules":[{"type":"maxLength","constraints":[36],"message":"最大长度为36"}]}]}]}],"environmentalSafety":[{"__symbolic":"property","decorators":[{"__symbolic":"call","expression":{"__symbol":2,"members":[]},"arguments":[{"originalDataField":"EnvironmentalSafety","dataField":"environmentalSafety","originalDataFieldType":"String","initValue":"","path":"EnvironmentalSafety","validRules":[{"type":"maxLength","constraints":[36],"message":"最大长度为36"}]}]}]}],"comprehensivebooks":[{"__symbolic":"property","decorators":[{"__symbolic":"call","expression":{"__symbol":2,"members":[]},"arguments":[{"originalDataField":"Comprehensivebooks","dataField":"comprehensivebooks","originalDataFieldType":"String","initValue":"","path":"Comprehensivebooks","validRules":[{"type":"maxLength","constraints":[36],"message":"最大长度为36"}]}]}]}],"booklbname":[{"__symbolic":"property","decorators":[{"__symbolic":"call","expression":{"__symbol":2,"members":[]},"arguments":[{"originalDataField":"booklbname","dataField":"booklbname","originalDataFieldType":"String","initValue":"","path":"booklbname","validRules":[{"type":"maxLength","constraints":[36],"message":"最大长度为36"}]}]}]}],"booklbcode":[{"__symbolic":"property","decorators":[{"__symbolic":"call","expression":{"__symbol":2,"members":[]},"arguments":[{"originalDataField":"booklbcode","dataField":"booklbcode","originalDataFieldType":"String","initValue":"","path":"booklbcode","validRules":[{"type":"maxLength","constraints":[36],"message":"最大长度为36"}]}]}]}],"remark":[{"__symbolic":"property","decorators":[{"__symbolic":"call","expression":{"__symbol":2,"members":[]},"arguments":[{"originalDataField":"Remark","dataField":"remark","originalDataFieldType":"Text","initValue":"","path":"Remark"}]}]}],"billStatus":[{"__symbolic":"property","decorators":[{"__symbolic":"call","expression":{"__symbol":3,"members":[]},"arguments":[{"dataField":"billStatus","originalDataField":"BillStatus","type":{"__symbol":4,"members":[]}}]}]}],"processInstance":[{"__symbolic":"property","decorators":[{"__symbolic":"call","expression":{"__symbol":3,"members":[]},"arguments":[{"dataField":"processInstance","originalDataField":"ProcessInstance","type":{"__symbol":5,"members":[]}}]}]}]}}}],"symbols":[{"__symbol":0,"name":"BookFLEntity","filePath":"./bookflentity"},{"__symbol":1,"name":"Entity","filePath":"@farris/devkit"},{"__symbol":2,"name":"NgField","filePath":"@farris/devkit"},{"__symbol":3,"name":"NgObject","filePath":"@farris/devkit"},{"__symbol":4,"name":"BillState74a9Entity","filePath":"./billstate74a9entity"},{"__symbol":5,"name":"ProcessInstance073bEntity","filePath":"./processinstance073bentity"}]}