{"moduleName":null,"summaries":[{"symbol":{"__symbol":0,"members":[]},"metadata":{"__symbolic":"class","extends":{"__symbol":1,"members":[]},"members":{"readerid":[{"__symbolic":"property","decorators":[{"__symbolic":"call","expression":{"__symbol":2,"members":[]},"arguments":[{"id":"readerid_61908cb8_a61z","name":"{{readerid_61908cb8_a61z}}","binding":"readerid.readerid","updateOn":"blur","defaultI18nValue":"读者编号","validRules":[{"type":"matches","constraints":[""]}]}]}]}],"name":[{"__symbolic":"property","decorators":[{"__symbolic":"call","expression":{"__symbol":2,"members":[]},"arguments":[{"id":"name_69868f83_egmb","name":"{{name_69868f83_egmb}}","binding":"name","updateOn":"blur","defaultI18nValue":"读者","validRules":[{"type":"required","constraints":[true]},{"type":"matches","constraints":[""]}]}]}]}],"age":[{"__symbolic":"property","decorators":[{"__symbolic":"call","expression":{"__symbol":2,"members":[]},"arguments":[{"id":"age_4e87d853_3pkk","name":"{{age_4e87d853_3pkk}}","binding":"age","updateOn":"blur","defaultI18nValue":"年龄","validRules":[{"type":"required","constraints":[true]}]}]}]}],"sex":[{"__symbolic":"property","decorators":[{"__symbolic":"call","expression":{"__symbol":2,"members":[]},"arguments":[{"id":"sex_78121fb9_xz6e","name":"{{sex_78121fb9_xz6e}}","binding":"sex","updateOn":"change","defaultI18nValue":"性别"}]}]}],"phone":[{"__symbolic":"property","decorators":[{"__symbolic":"call","expression":{"__symbol":2,"members":[]},"arguments":[{"id":"phone_fc262817_ykzn","name":"{{phone_fc262817_ykzn}}","binding":"phone","updateOn":"blur","defaultI18nValue":"联系电话","validRules":[{"type":"required","constraints":[true]},{"type":"matches","constraints":[""]}]}]}]}],"department":[{"__symbolic":"property","decorators":[{"__symbolic":"call","expression":{"__symbol":2,"members":[]},"arguments":[{"id":"department_2e87e7ba_04p8","name":"{{department_2e87e7ba_04p8}}","binding":"department.department","updateOn":"blur","defaultI18nValue":"所在系"}]}]}],"regdate":[{"__symbolic":"property","decorators":[{"__symbolic":"call","expression":{"__symbol":2,"members":[]},"arguments":[{"id":"regdate_83166d2d_odej","name":"{{regdate_83166d2d_odej}}","binding":"regdate","updateOn":"blur","valueConverter":{"__symbolic":"new","expression":{"__symbol":3,"members":[]},"arguments":["yyyy-MM-dd"]},"defaultI18nValue":"注册日期","validRules":[{"type":"required","constraints":[true]}]}]}]}]}},"type":{"summaryKind":3,"type":{"reference":{"__symbol":0,"members":[]},"diDeps":[],"lifecycleHooks":[1]}}}],"symbols":[{"__symbol":0,"name":"BasicFormViewmodelForm","filePath":"./basicformviewmodelform"},{"__symbol":1,"name":"Form","filePath":"@farris/devkit"},{"__symbol":2,"name":"NgFormControl","filePath":"@farris/devkit"},{"__symbol":3,"name":"DateConverter","filePath":"@farris/kendo-binding"}]}