{"moduleName":null,"summaries":[{"symbol":{"__symbol":0,"members":[]},"metadata":{"__symbolic":"class","extends":{"__symbol":1,"members":[]},"members":{"bookid":[{"__symbolic":"property","decorators":[{"__symbolic":"call","expression":{"__symbol":2,"members":[]},"arguments":[{"id":"bookid","name":"{{bookid_5514a9b7_6kk7}}","binding":"bookid","updateOn":"blur","defaultI18nValue":"书籍编号","validRules":[{"type":"matches","constraints":[""]}]}]}]}],"bookname":[{"__symbolic":"property","decorators":[{"__symbolic":"call","expression":{"__symbol":2,"members":[]},"arguments":[{"id":"bookname.bookname","name":"{{bookname_4a5b82fd_xygz}}","binding":"bookname.bookname","updateOn":"blur","defaultI18nValue":"书名","validRules":[{"type":"matches","constraints":[""]}]}]}]}],"bookname_bookname_paydate":[{"__symbolic":"property","decorators":[{"__symbolic":"call","expression":{"__symbol":2,"members":[]},"arguments":[{"id":"bookname.bookname_paydate","name":"{{bookname_bookname_paydate_70abc0eb_p7u0}}","binding":"bookname.bookname_paydate","updateOn":"blur","valueConverter":{"__symbolic":"new","expression":{"__symbol":3,"members":[]},"arguments":["yyyy-MM-dd"]},"defaultI18nValue":"应还日期"}]}]}],"bookname_bookname_author":[{"__symbolic":"property","decorators":[{"__symbolic":"call","expression":{"__symbol":2,"members":[]},"arguments":[{"id":"bookname.bookname_author","name":"{{bookname_bookname_author_f2713b7b_gz09}}","binding":"bookname.bookname_author","updateOn":"blur","defaultI18nValue":"著者","validRules":[{"type":"matches","constraints":[""]}]}]}]}],"jysj":[{"__symbolic":"property","decorators":[{"__symbolic":"call","expression":{"__symbol":2,"members":[]},"arguments":[{"id":"jysj","name":"{{jysj_bc06d2b4_eqfk}}","binding":"jysj","updateOn":"blur","valueConverter":{"__symbolic":"new","expression":{"__symbol":3,"members":[]},"arguments":["yyyy-MM-dd"]},"defaultI18nValue":"借阅时间"}]}]}],"ragtime":[{"__symbolic":"property","decorators":[{"__symbolic":"call","expression":{"__symbol":2,"members":[]},"arguments":[{"id":"ragtime","name":"{{ragtime_0ae29146_iqaa}}","binding":"ragtime","updateOn":"blur","valueConverter":{"__symbolic":"new","expression":{"__symbol":3,"members":[]},"arguments":["yyyy-MM-dd"]},"defaultI18nValue":"归还时间"}]}]}],"ragstatus":[{"__symbolic":"property","decorators":[{"__symbolic":"call","expression":{"__symbol":2,"members":[]},"arguments":[{"id":"ragstatus","name":"{{ragstatus_e9db908d_zycp}}","binding":"ragstatus","updateOn":"change","defaultI18nValue":"归还状态"}]}]}]}},"type":{"summaryKind":3,"type":{"reference":{"__symbol":0,"members":[]},"diDeps":[],"lifecycleHooks":[1]}}}],"symbols":[{"__symbol":0,"name":"JyjlComponentViewmodelForm","filePath":"./jyjlcomponentviewmodelform"},{"__symbol":1,"name":"Form","filePath":"@farris/devkit"},{"__symbol":2,"name":"NgFormControl","filePath":"@farris/devkit"},{"__symbol":3,"name":"DateConverter","filePath":"@farris/kendo-binding"}]}