{"moduleName":null,"summaries":[{"symbol":{"__symbol":0,"members":[]},"metadata":{"__symbolic":"class","extends":{"__symbol":1,"members":[]},"members":{"id":[{"__symbolic":"property","decorators":[{"__symbolic":"call","expression":{"__symbol":2,"members":[]},"arguments":[{"originalDataField":"ID","dataField":"id","primary":true,"originalDataFieldType":"String","initValue":"","path":"ID","validRules":[{"type":"required","constraints":[true]},{"type":"maxLength","constraints":[36],"message":"最大长度为36"}]}]}]}],"bookid":[{"__symbolic":"property","decorators":[{"__symbolic":"call","expression":{"__symbol":2,"members":[]},"arguments":[{"originalDataField":"bookid","dataField":"bookid","originalDataFieldType":"String","initValue":"","path":"bookid","validRules":[{"type":"maxLength","constraints":[36],"message":"最大长度为36"}]}]}]}],"bookname":[{"__symbolic":"property","decorators":[{"__symbolic":"call","expression":{"__symbol":2,"members":[]},"arguments":[{"originalDataField":"bookname","dataField":"bookname","originalDataFieldType":"String","initValue":"","path":"bookname","validRules":[{"type":"maxLength","constraints":[36],"message":"最大长度为36"}]}]}]}],"bookcategories":[{"__symbolic":"property","decorators":[{"__symbolic":"call","expression":{"__symbol":2,"members":[]},"arguments":[{"originalDataField":"bookcategories","dataField":"bookcategories","originalDataFieldType":"String","initValue":"","path":"bookcategories","validRules":[{"type":"maxLength","constraints":[36],"message":"最大长度为36"}]}]}]}],"author":[{"__symbolic":"property","decorators":[{"__symbolic":"call","expression":{"__symbol":2,"members":[]},"arguments":[{"originalDataField":"author","dataField":"author","originalDataFieldType":"String","initValue":"","path":"author","validRules":[{"type":"maxLength","constraints":[36],"message":"最大长度为36"}]}]}]}],"curtstatus":[{"__symbolic":"property","decorators":[{"__symbolic":"call","expression":{"__symbol":2,"members":[]},"arguments":[{"originalDataField":"Curtstatus","dataField":"curtstatus","originalDataFieldType":"Enum","defaultValue":"","initValue":"pass","path":"Curtstatus"}]}]}],"chubandate":[{"__symbolic":"property","decorators":[{"__symbolic":"call","expression":{"__symbol":2,"members":[]},"arguments":[{"originalDataField":"chubandate","dataField":"chubandate","originalDataFieldType":"Date","initValue":"0001-01-01T00:00:00","path":"chubandate"}]}]}]}}}],"symbols":[{"__symbol":0,"name":"BookMgrEntity","filePath":"./bookmgrentity"},{"__symbol":1,"name":"Entity","filePath":"@farris/devkit"},{"__symbol":2,"name":"NgField","filePath":"@farris/devkit"}]}