{"moduleName":null,"summaries":[{"symbol":{"__symbol":0,"members":[]},"metadata":{"__symbolic":"class","extends":{"__symbol":1,"members":[]},"members":{"billState":[{"__symbolic":"property","decorators":[{"__symbolic":"call","expression":{"__symbol":2,"members":[]},"arguments":[{"originalDataField":"BillState","dataField":"billState","originalDataFieldType":"Enum","defaultValue":"","initValue":"Billing","path":"BillStatus.BillState"}]}]}]}}}],"symbols":[{"__symbol":0,"name":"BillState7c14Entity","filePath":"./billstate7c14entity"},{"__symbol":1,"name":"Entity","filePath":"@farris/devkit"},{"__symbol":2,"name":"NgField","filePath":"@farris/devkit"}]}