{
  "AppCode" : "bookmanagement",
  "ServiceUnitCode" : "GLY",
  "BizobjectCode" : "DZXXGL",
  "BizobjectID" : "9286d8f2-12a7-4105-0e77-7c2dd0a60a11",
  "ProjectNameSpace" : "Inspur.GS.bookmanagement.GLY.DZXXGL.DZXXGL.Front",
  "SuDeploymentPath" : "apps/bookmanagement/gly",
  "MetadataProjectName" : "bo-DZXXGL-Front",
  "MetadataPackageName" : "Inspur.GS.bookmanagement.GLY.DZXXGL.DZXXGL.Front",
  "SuConfigDeploymentPath" : null,
  "ProjectType" : "frontend",
  "ProjectExtendItem" : [ {
    "codelanguage" : "java"
  } ]
}